sha256,source,public_body,doc_class,doc_date,title,url,bytes,content_type,first_seen,referrer,retrieved_at,http_status,etag,last_modified
3514c8f9edaee61af74e1794bff690778de78bc4f0f5e69e8607e9f35e68e8cb,ahnj,Borough of Atlantic Highlands,agenda,2005-01-01,"January 1, 2005 Agenda Reorganization Meeting(pdf)",https://www.ahnj.com/ahnj/Agendas/Archives/2005/January%201%2C%202005%20Agenda%20Reorganization%20Meeting%28pdf%29.pdf,90132,application/pdf,2026-09-23 14:46:06.12864,https://www.ahnj.com/ahnj/Agendas/Archives/2005/,2026-09-23 14:46:06.12864,200,"""16014-3f77b1933df80""","Thu, 19 May 2005 20:03:26 GMT"
fa8f518e9ed3bec1581e86f3df9d710089feb44afa5ab86be97faa6962f0f156,ahnj,Borough of Atlantic Highlands,minutes,2005-01-01,"January 1, 2005 Reorganization Meeting Minutes(pdf)",https://www.ahnj.com/ahnj/Agendas/Archives/2005/January%201%2C%202005%20Reorganization%20Meeting%20Minutes%28pdf%29.pdf,200751,application/pdf,2026-09-23 14:46:04.93376,https://www.ahnj.com/ahnj/Agendas/Archives/2005/,2026-09-23 14:46:04.93376,200,"""3102f-3f77b1e636340""","Thu, 19 May 2005 20:04:53 GMT"
bbf7c1a7010957eb66c0479cb0224f6549bf8250e2eddcdc1d7efcf6089a13b1,ahnj,Borough of Atlantic Highlands,agenda,2005-01-12,"January 12, 2005 - Agenda Regular Meeting (pdf)",https://www.ahnj.com/ahnj/Agendas/Archives/2005/January%2012%2C%202005%20-%20Agenda%20Regular%20Meeting%20%20%28pdf%29.pdf,79645,application/pdf,2026-09-23 14:46:03.789061,https://www.ahnj.com/ahnj/Agendas/Archives/2005/,2026-09-23 14:46:03.789061,200,"""1371d-3f714c7d28080""","Sat, 14 May 2005 17:59:14 GMT"
910d98cb0cdcfb61a25cfa5c083f3597354d68406ab5cc70b496b2aa9f3ef67b,ahnj,Borough of Atlantic Highlands,minutes,2005-01-12,"January 12, 2005 Regular Meeting Minutes(pdf)",https://www.ahnj.com/ahnj/Agendas/Archives/2005/January%2012%2C%202005%20Regular%20Meeting%20Minutes%28pdf%29.pdf,205920,application/pdf,2026-09-23 14:46:02.623749,https://www.ahnj.com/ahnj/Agendas/Archives/2005/,2026-09-23 14:46:02.623749,200,"""32460-3f77b0a1f6640""","Thu, 19 May 2005 19:59:13 GMT"
6c68cfab3221d1f210a491bb1da5acf418ff2e6dac1dcfad5b8f1de2683fa603,ahnj,Borough of Atlantic Highlands,agenda,2005-02-09,"February 9, 2005 - Agenda Regular Meeting(pdf)",https://www.ahnj.com/ahnj/Agendas/Archives/2005/February%209%2C%202005%20-%20%20Agenda%20%20Regular%20Meeting%28pdf%29.pdf,86982,application/pdf,2026-09-23 14:46:01.483215,https://www.ahnj.com/ahnj/Agendas/Archives/2005/,2026-09-23 14:46:01.483215,200,"""153c6-3f714c7d28080""","Sat, 14 May 2005 17:59:14 GMT"
17351ce6748229c584267ca6effc2f2270b91c104bed1e1ac120350ee56b4750,ahnj,Borough of Atlantic Highlands,minutes,2005-02-09,"February 9, 2005 - Regular Meeting Minutes (pdf)",https://www.ahnj.com/ahnj/Agendas/Archives/2005/February%209%2C%202005%20-%20Regular%20Meeting%20Minutes%20%28pdf%29.pdf,171329,application/pdf,2026-09-23 14:46:00.327936,https://www.ahnj.com/ahnj/Agendas/Archives/2005/,2026-09-23 14:46:00.327936,200,"""29d41-3f714c7d28080""","Sat, 14 May 2005 17:59:14 GMT"
3207f3b8fab5b31b5196b7243684d6f1fb3f70dd74a3ca235ab67c8234d21313,ahnj,Borough of Atlantic Highlands,minutes,2005-02-23,"February 23, 2005 - Regular Meeting Minutes (pdf)",https://www.ahnj.com/ahnj/Agendas/Archives/2005/February%2023%2C%202005%20-%20Regular%20Meeting%20Minutes%20%28pdf%29.pdf,89719,application/pdf,2026-09-23 14:45:56.916765,https://www.ahnj.com/ahnj/Agendas/Archives/2005/,2026-09-23 14:45:56.916765,200,"""15e77-3f714c7d28080""","Sat, 14 May 2005 17:59:14 GMT"
e8155c489f9b142e05d66bf4787edadcde113653af786fd14b74a2f5082ff373,ahnj,Borough of Atlantic Highlands,agenda,2005-03-09,"March 9, 2005 - Agenda Regular Meeting (pdf)",https://www.ahnj.com/ahnj/Agendas/Archives/2005/March%209%2C%202005%20-%20Agenda%20Regular%20Meeting%20%20%28pdf%29.pdf,77719,application/pdf,2026-09-23 14:45:59.184629,https://www.ahnj.com/ahnj/Agendas/Archives/2005/,2026-09-23 14:45:59.184629,200,"""12f97-3f714c7d28080""","Sat, 14 May 2005 17:59:14 GMT"
b4eea12b565e949c3cc1eb5ee31e0a3b83c99196de9c50a4ab94d7ecbd060b90,ahnj,Borough of Atlantic Highlands,minutes,2005-03-09,"March 9, 2005 Regular meeting Minutes(pdf)",https://www.ahnj.com/ahnj/Agendas/Archives/2005/March%20%209%2C%202005%20Regular%20meeting%20Minutes%28pdf%29.pdf,143421,application/pdf,2026-09-23 14:45:55.774178,https://www.ahnj.com/ahnj/Agendas/Archives/2005/,2026-09-23 14:45:55.774178,200,"""2303d-3f77aea5a7700""","Thu, 19 May 2005 19:50:20 GMT"
47ea4ff6e75b28965639cd22be4c484ce033c5ad75582eb1e7e42e21829564c5,ahnj,Borough of Atlantic Highlands,agenda,2005-03-23,"March 23, 2005 -Agenda Regular Meeting(pdf)",https://www.ahnj.com/ahnj/Agendas/Archives/2005/March%2023%2C%202005%20-Agenda%20Regular%20Meeting%28pdf%29%20%20.pdf,78260,application/pdf,2026-09-23 14:45:54.640955,https://www.ahnj.com/ahnj/Agendas/Archives/2005/,2026-09-23 14:45:54.640955,200,"""131b4-3f714c7d28080""","Sat, 14 May 2005 17:59:14 GMT"
4bab5714eadccf69706b785d8f6721a285629af4d51ab704ec3b7c61b8417b86,ahnj,Borough of Atlantic Highlands,minutes,2005-03-23,"March 23, 2005 Regular Meeting Minutes(pdf)",https://www.ahnj.com/ahnj/Agendas/Archives/2005/March%2023%2C%202005%20%20Regular%20Meeting%20Minutes%28pdf%29.pdf,288431,application/pdf,2026-09-23 14:45:53.430774,https://www.ahnj.com/ahnj/Agendas/Archives/2005/,2026-09-23 14:45:53.430774,200,"""466af-3f77aea5a7700""","Thu, 19 May 2005 19:50:20 GMT"
4cb45f5cee37641cfd9f9534db3e9c8be1abea1028ccf8190b9f85f4b8a69911,ahnj,Borough of Atlantic Highlands,agenda,2005-04-13,"April 13, 2005 - Agenda Workshop (pdf)",https://www.ahnj.com/ahnj/Agendas/Archives/2005/April%2013%2C%202005%20-%20Agenda%20Workshop%20%20%28pdf%29.pdf,65252,application/pdf,2026-09-23 14:45:52.307121,https://www.ahnj.com/ahnj/Agendas/Archives/2005/,2026-09-23 14:45:52.307121,200,"""fee4-3f714c7d28080""","Sat, 14 May 2005 17:59:14 GMT"
6a534fbede0b5816bff51333ee52106b0bb17b23b676574265b917e68e4a72e6,ahnj,Borough of Atlantic Highlands,agenda,2005-04-13,"April 13, 2005 Agenda Regular Meeting (pdf)",https://www.ahnj.com/ahnj/Agendas/Archives/2005/April%2013%2C%202005%20Agenda%20Regular%20Meeting%20%28pdf%29.pdf,96290,application/pdf,2026-09-23 14:45:50.036578,https://www.ahnj.com/ahnj/Agendas/Archives/2005/,2026-09-23 14:45:50.036578,200,"""17822-3f77b266f5300""","Thu, 19 May 2005 20:07:08 GMT"
c32b4303ab81c3108734b05504c97c2412dd1a73ba64b1d16ba5785aaad221db,ahnj,Borough of Atlantic Highlands,minutes,2005-04-13,"April 13, 2005 Regular Meeting Minutes(pdf)",https://www.ahnj.com/ahnj/Agendas/Archives/2005/April%2013%2C%202005%20Regular%20Meeting%20Minutes%28pdf%29.pdf,214166,application/pdf,2026-09-23 14:45:48.858331,https://www.ahnj.com/ahnj/Agendas/Archives/2005/,2026-09-23 14:45:48.858331,200,"""34496-3f77aea5a7700""","Thu, 19 May 2005 19:50:20 GMT"
a78a0149356e48f1f0c58715af6c68826c7d41337222946d36b2a3f3f71bdb6b,ahnj,Borough of Atlantic Highlands,minutes,2005-04-13,"April 13, 2005 Workshop Meeting Minutes(pdf)",https://www.ahnj.com/ahnj/Agendas/Archives/2005/April%2013%2C%202005%20Workshop%20Meeting%20Minutes%28pdf%29.pdf,79857,application/pdf,2026-09-23 14:45:51.175605,https://www.ahnj.com/ahnj/Agendas/Archives/2005/,2026-09-23 14:45:51.175605,200,"""137f1-3f803dc8dc1c0""","Thu, 26 May 2005 15:13:19 GMT"
dbfad15289d61817d8c660701f37f3828c8d28153ea0fa7123cd3b9660b3126d,ahnj,Borough of Atlantic Highlands,agenda,2005-04-27,"April 27, 2005 Agenda Regular Meeting (pdf)",https://www.ahnj.com/ahnj/Agendas/Archives/2005/April%2027%2C%202005%20Agenda%20Regular%20Meeting%20%28pdf%29.pdf,89724,application/pdf,2026-09-23 14:45:47.698632,https://www.ahnj.com/ahnj/Agendas/Archives/2005/,2026-09-23 14:45:47.698632,200,"""15e7c-3f80402b361c0""","Thu, 26 May 2005 15:23:59 GMT"
abc7a3202c54be80684b61620d4f263391f7aa470d9547347fcb420308768921,ahnj,Borough of Atlantic Highlands,minutes,2005-04-27,"April 27, 2005 Regular Meeting Minutes(pdf)",https://www.ahnj.com/ahnj/Agendas/Archives/2005/April%2027%2C%202005%20Regular%20Meeting%20Minutes%28pdf%29.pdf,169546,application/pdf,2026-09-23 14:45:46.539097,https://www.ahnj.com/ahnj/Agendas/Archives/2005/,2026-09-23 14:45:46.539097,200,"""2964a-3f803dc8dc1c0""","Thu, 26 May 2005 15:13:19 GMT"
1545e8ab820b3fa9cf8324a4abf6beb104a43906ebd03b97a206b2ed95d0a0ee,ahnj,Borough of Atlantic Highlands,agenda,2005-05-11,"May 11, 2005 Agenda Regular Meeting (pdf)",https://www.ahnj.com/ahnj/Agendas/Archives/2005/May%2011%2C%202005%20%20Agenda%20Regular%20Meeting%20%28pdf%29.pdf,78200,application/pdf,2026-09-23 14:45:45.390586,https://www.ahnj.com/ahnj/Agendas/Archives/2005/,2026-09-23 14:45:45.390586,200,"""13178-3f78ac2b01880""","Fri, 20 May 2005 14:44:34 GMT"
352593889f3bbebe20bf9e894ade35e97cd0c7c001811f1167f74b582c9fd249,ahnj,Borough of Atlantic Highlands,minutes,2005-05-11,"May 11, 2005 Regular Meeting Minutes (pdf)",https://www.ahnj.com/ahnj/Agendas/Archives/2005/May%2011%2C%202005%20Regular%20Meeting%20Minutes%20%28pdf%29.pdf,176567,application/pdf,2026-09-23 14:45:44.222973,https://www.ahnj.com/ahnj/Agendas/Archives/2005/,2026-09-23 14:45:44.222973,200,"""2b1b7-3f91b03c7f040""","Thu, 09 Jun 2005 12:15:53 GMT"
075d27fbb945b902af091a3644fecffa6a19933b21c1cf5101fa96bd7ebe509d,ahnj,Borough of Atlantic Highlands,agenda,2005-05-25,"May 25, 2005 Agenda Regular Meeting (pdf)",https://www.ahnj.com/ahnj/Agendas/Archives/2005/May%2025%2C%202005%20Agenda%20Regular%20Meeting%20%28pdf%29.pdf,76779,application/pdf,2026-09-23 14:45:43.084644,https://www.ahnj.com/ahnj/Agendas/Archives/2005/,2026-09-23 14:45:43.084644,200,"""12beb-3f78ac2b01880""","Fri, 20 May 2005 14:44:34 GMT"
6950b744146d227f11f402eb68c40ed16f21fe1b6b59846e3eb919364bb20cc7,ahnj,Borough of Atlantic Highlands,minutes,2005-05-25,"May 25, 2005 Regular Meeting Minutes(pdf)",https://www.ahnj.com/ahnj/Agendas/Archives/2005/May%2025%2C%202005%20Regular%20Meeting%20Minutes%28pdf%29.pdf,190688,application/pdf,2026-09-23 14:45:41.919516,https://www.ahnj.com/ahnj/Agendas/Archives/2005/,2026-09-23 14:45:41.919516,200,"""2e8e0-3fa355b2cb800""","Thu, 23 Jun 2005 13:06:40 GMT"
406b9206a2763363506136e9b68cfd6d0f112a3499dafb5eb0f5596754d66664,ahnj,Borough of Atlantic Highlands,minutes,2005-06-08,"June 8, 2005 REGULAR MEETING Minutes(pdf)",https://www.ahnj.com/ahnj/Agendas/Archives/2005/June%208%2C%202005%20REGULAR%20MEETING%20Minutes%28pdf%29.pdf,162983,application/pdf,2026-09-23 14:45:40.756951,https://www.ahnj.com/ahnj/Agendas/Archives/2005/,2026-09-23 14:45:40.756951,200,"""27ca7-3fcb8655e68c0""","Mon, 25 Jul 2005 12:17:15 GMT"
c5d75314e28180f17f07465aa3df56e1f4d07eb4e97622236639f40aaa12f0ad,ahnj,Borough of Atlantic Highlands,agenda,2005-06-22,"June 22, 2005 Agenda Regular Meeting(pdf)",https://www.ahnj.com/ahnj/Agendas/Archives/2005/June%2022%2C%202005%20Agenda%20Regular%20Meeting%28pdf%29.pdf,72539,application/pdf,2026-09-23 14:45:39.621794,https://www.ahnj.com/ahnj/Agendas/Archives/2005/,2026-09-23 14:45:39.621794,200,"""11b5b-3f9f88d6bf480""","Mon, 20 Jun 2005 12:34:10 GMT"
f50d19c7f645a8e52384562c049a59c9d39da22a8720fcdcd86aa4d6bf18161b,ahnj,Borough of Atlantic Highlands,minutes,2005-06-22,"June 22, 2005 REGULAR MEETING Minutes(pdf)",https://www.ahnj.com/ahnj/Agendas/Archives/2005/June%2022%2C%202005%20REGULAR%20MEETING%20Minutes%28pdf%29.pdf,122813,application/pdf,2026-09-23 14:45:38.473447,https://www.ahnj.com/ahnj/Agendas/Archives/2005/,2026-09-23 14:45:38.473447,200,"""1dfbd-3fcb8655e68c0""","Mon, 25 Jul 2005 12:17:15 GMT"
d3788d5d3164d6464fe6732d7ef0f08fdf4adc8fbd5938731626904110b09d5c,ahnj,Borough of Atlantic Highlands,agenda,2005-07-13,"July 13, 2005 AGENDA Regular Meeting (pdf)",https://www.ahnj.com/ahnj/Agendas/Archives/2005/July%2013%2C%202005%20AGENDA%20%20Regular%20Meeting%20%28pdf%29.pdf,80347,application/pdf,2026-09-23 14:45:37.273669,https://www.ahnj.com/ahnj/Agendas/Archives/2005/,2026-09-23 14:45:37.273669,200,"""139db-3fb67a810ab80""","Fri, 08 Jul 2005 18:32:30 GMT"
e320e01e61caa6890859f03daaa6268a20d2df6220521ad7f8e71e7c6fb9a481,ahnj,Borough of Atlantic Highlands,minutes,2005-07-13,"July 13, 2005 REGULAR MEETING Minutes(pdf)",https://www.ahnj.com/ahnj/Agendas/Archives/2005/July%2013%2C%202005%20REGULAR%20MEETING%20Minutes%28pdf%29.pdf,184869,application/pdf,2026-09-23 14:45:36.097136,https://www.ahnj.com/ahnj/Agendas/Archives/2005/,2026-09-23 14:45:36.097136,200,"""2d225-3fd45ab70d040""","Mon, 01 Aug 2005 12:50:01 GMT"
156aea488886261e834d13f89cb628eb3e3cb1cb2d0a7fca2d7210ce96d93434,ahnj,Borough of Atlantic Highlands,agenda,2005-07-27,"July 27, 2005 AGENDA Regular Meeting(pdf)",https://www.ahnj.com/ahnj/Agendas/Archives/2005/July%2027%2C%202005%20AGENDA%20Regular%20Meeting%28pdf%29.pdf,74836,application/pdf,2026-09-23 14:45:34.956909,https://www.ahnj.com/ahnj/Agendas/Archives/2005/,2026-09-23 14:45:34.956909,200,"""12454-3fc6cdf784280""","Thu, 21 Jul 2005 18:11:06 GMT"
e8fa4f382b3df72eede89681c04586739f07c2d5f038757f5a2a4ea44cd2881a,ahnj,Borough of Atlantic Highlands,minutes,2005-07-27,"July 27, 2005 REGULAR MEETING Minutes (pdf)",https://www.ahnj.com/ahnj/Agendas/Archives/2005/July%2027%2C%202005%20REGULAR%20MEETING%20Minutes%20%28pdf%29.pdf,140907,application/pdf,2026-09-23 14:45:33.777892,https://www.ahnj.com/ahnj/Agendas/Archives/2005/,2026-09-23 14:45:33.777892,200,"""2266b-3fef2ac933040""","Mon, 22 Aug 2005 20:39:21 GMT"
43e75d35d5c30ec08dd19b603064d1c7d3bff944bc17c60a65b60a5469d79c4f,ahnj,Borough of Atlantic Highlands,agenda,2005-08-17,"August 17, 2005 AGENDA Regular Meeting(pdf)",https://www.ahnj.com/ahnj/Agendas/Archives/2005/August%2017%2C%202005%20AGENDA%20Regular%20Meeting%28pdf%29.pdf,78523,application/pdf,2026-09-23 14:45:32.628014,https://www.ahnj.com/ahnj/Agendas/Archives/2005/,2026-09-23 14:45:32.628014,200,"""132bb-3fe2889317a00""","Fri, 12 Aug 2005 19:29:44 GMT"
29c48f69c47522b98ba304029ecf225bbda6540c0961e8ff0bf1b6bf4e0ddb16,ahnj,Borough of Atlantic Highlands,minutes,2005-08-17,"August 17, 2005 REGULAR MEETING MINUTES(pdf)",https://www.ahnj.com/ahnj/Agendas/Archives/2005/August%2017%2C%202005%20REGULAR%20MEETING%20MINUTES%28pdf%29.pdf,171537,application/pdf,2026-09-23 14:45:31.441674,https://www.ahnj.com/ahnj/Agendas/Archives/2005/,2026-09-23 14:45:31.441674,200,"""29e11-40120692d4b80""","Mon, 19 Sep 2005 14:03:42 GMT"
8aec93e39e1fb618aa0e92a0264101ad467300695aa9178cfc55c4195abdc03e,ahnj,Borough of Atlantic Highlands,minutes,2005-08-23,"August 23, 2005 SPECIAL MEETING MINUTES(pdf)",https://www.ahnj.com/ahnj/Agendas/Archives/2005/August%2023%2C%202005%20SPECIAL%20MEETING%20MINUTES%28pdf%29.pdf,88415,application/pdf,2026-09-23 14:45:30.284271,https://www.ahnj.com/ahnj/Agendas/Archives/2005/,2026-09-23 14:45:30.284271,200,"""1595f-40120692d4b80""","Mon, 19 Sep 2005 14:03:42 GMT"
353c66fad75a842d2bcb62b6ed08d531b260e06427eda2c02496718de9865379,ahnj,Borough of Atlantic Highlands,agenda,2005-09-14,"September 14, 2005 AGENDA Regular Meeting(pdf)",https://www.ahnj.com/ahnj/Agendas/Archives/2005/September%2014%2C%202005%20AGENDA%20Regular%20Meeting%28pdf%29.pdf,102444,application/pdf,2026-09-23 14:45:29.124145,https://www.ahnj.com/ahnj/Agendas/Archives/2005/,2026-09-23 14:45:29.124145,200,"""1902c-400a8f1bc5540""","Tue, 13 Sep 2005 15:31:57 GMT"
12dc62f4166f75337c71c774917f19fe60491a05d0ef860b5cbd0a36921493db,ahnj,Borough of Atlantic Highlands,agenda,2005-09-14,"September 14, 2005 REGULAR MEETING MIUTES(pdf)",https://www.ahnj.com/ahnj/Agendas/Archives/2005/September%2014%2C%202005%20REGULAR%20MEETING%20MIUTES%28pdf%29.pdf,201722,application/pdf,2026-09-23 14:45:27.94277,https://www.ahnj.com/ahnj/Agendas/Archives/2005/,2026-09-23 14:45:27.94277,200,"""313fa-403e5d3f0a440""","Mon, 24 Oct 2005 20:25:45 GMT"
1d7f48d6fd9296c0605185c5888905b08b3703b0752e6180c2ba9d88746ab513,ahnj,Borough of Atlantic Highlands,minutes,2005-09-28,"September 28, 2005 REGULAR MEETING Minutes(pdf)",https://www.ahnj.com/ahnj/Agendas/Archives/2005/September%2028%2C%202005%20REGULAR%20MEETING%20Minutes%28pdf%29.pdf,176397,application/pdf,2026-09-23 14:45:26.766381,https://www.ahnj.com/ahnj/Agendas/Archives/2005/,2026-09-23 14:45:26.766381,200,"""2b10d-403e5d3f0a440""","Mon, 24 Oct 2005 20:25:45 GMT"
e6a456bf68373592e7325ec48dc6b0ab7f2d981168d3bf5a94575b0ceda441b5,ahnj,Borough of Atlantic Highlands,agenda,2005-10-12,"October 12, 2005 Agenda Regular Meeting(pdf)",https://www.ahnj.com/ahnj/Agendas/Archives/2005/October%2012%2C%202005%20Agenda%20Regular%20Meeting%28pdf%29.pdf,71990,application/pdf,2026-09-23 14:45:25.628541,https://www.ahnj.com/ahnj/Agendas/Archives/2005/,2026-09-23 14:45:25.628541,200,"""11936-403e5e2b8d240""","Mon, 24 Oct 2005 20:29:53 GMT"
6661bc8091cd936db86035616c87d211636612c8fed38bb9b7e79f83e0788a05,ahnj,Borough of Atlantic Highlands,minutes,2005-10-12,"October 12, 2005 Regular Meeting Minutes(pdf)",https://www.ahnj.com/ahnj/Agendas/Archives/2005/October%2012%2C%202005%20Regular%20Meeting%20Minutes%28pdf%29.pdf,161639,application/pdf,2026-09-23 14:45:24.479509,https://www.ahnj.com/ahnj/Agendas/Archives/2005/,2026-09-23 14:45:24.479509,200,"""27767-4041d2f010000""","Thu, 27 Oct 2005 14:28:16 GMT"
75753b50729a37ce32e4b805848824749a7b604fdb50793054d595b4f61a0ac0,ahnj,Borough of Atlantic Highlands,agenda,2005-10-26,"October 26, 2005 AGENDA Regular Meeting(pdf)",https://www.ahnj.com/ahnj/Agendas/Archives/2005/October%2026%2C%202005%20AGENDA%20Regular%20Meeting%28pdf%29.pdf,93344,application/pdf,2026-09-23 14:45:23.330511,https://www.ahnj.com/ahnj/Agendas/Archives/2005/,2026-09-23 14:45:23.330511,200,"""16ca0-403e5cd346600""","Mon, 24 Oct 2005 20:23:52 GMT"
769dfeb6b1523eeb425ab1b8000d7e9145881551087937fabd0418868548554b,ahnj,Borough of Atlantic Highlands,agenda,2005-11-09,"November 9, 2005 Regular Meeting AGENDA(pdf)",https://www.ahnj.com/ahnj/Agendas/Archives/2005/November%209%2C%202005%20Regular%20Meeting%20AGENDA%28pdf%29.pdf,74146,application/pdf,2026-09-23 14:45:21.016329,https://www.ahnj.com/ahnj/Agendas/Archives/2005/,2026-09-23 14:45:21.016329,200,"""121a2-404c340d9ec00""","Fri, 04 Nov 2005 20:36:00 GMT"
aac0051f10ad6964a9b30a4b9259096f224e6fe67368598b2887d812926dafa7,ahnj,Borough of Atlantic Highlands,agenda,2005-11-30,"November 30, 2005 AGENDA Regular Meeting (pdf)",https://www.ahnj.com/ahnj/Agendas/Archives/2005/November%2030%2C%202005%20AGENDA%20Regular%20Meeting.pdf,98155,application/pdf,2026-09-23 14:45:18.641194,https://www.ahnj.com/ahnj/Agendas/Archives/2005/,2026-09-23 14:45:18.641194,200,"""17f6b-406b9e2b3e740""","Tue, 29 Nov 2005 20:15:49 GMT"
aec984939b67868641a434c1a4337c52b1c5865bd2915471e6a83134f295b894,ahnj,Borough of Atlantic Highlands,agenda,2005-12-14,"December 14, 2005 AGENDA Regular Meeting(pdf)",https://www.ahnj.com/ahnj/Agendas/Archives/2005/December%2014%2C%202005%20AGENDA%20Regular%20Meeting%28pdf%29.pdf,92154,application/pdf,2026-09-23 14:45:16.31023,https://www.ahnj.com/ahnj/Agendas/Archives/2005/,2026-09-23 14:45:16.31023,200,"""167fa-407832c870900""","Fri, 09 Dec 2005 20:24:36 GMT"
87a1d3eaadadda09ea94ae7c06eb87877c1b5c54b0ef18e585314010e1e928e5,ahnj,Borough of Atlantic Highlands,agenda,2012-06-13,"June 13, 2012, Agenda (pdf)",https://www.ahnj.com/ahnj/Agendas/Archives/2012/June%2013%2C%202012%2C%20Agenda.pdf,329148,application/pdf,2026-09-23 14:49:48.357987,https://www.ahnj.com/ahnj/Agendas/Archives/2012/,2026-09-23 14:49:48.357987,200,"""505bc-4c23359a5c780""","Mon, 11 Jun 2012 14:41:50 GMT"
cac84923da0749ce6ac0258dba9603c84826640fd15f5c382079b2cdb52d880d,ahnj,Borough of Atlantic Highlands,agenda,,10-26 REGULAR MEETING (pdf),https://www.ahnj.com/ahnj/Agendas/Archives/2005/10-26%20REGULAR%20MEETING.pdf,217752,application/pdf,2026-09-23 14:45:22.154365,https://www.ahnj.com/ahnj/Agendas/Archives/2005/,2026-09-23 14:45:22.154365,200,"""35298-40ad1684a8740""","Fri, 20 Jan 2006 22:00:21 GMT"
e15800fc940bff79815b8a859e12c007a88e055f6940038653e76193e23a401b,ahnj,Borough of Atlantic Highlands,minutes,,11-09 REGULAR MEETINGMinutes (pdf),https://www.ahnj.com/ahnj/Agendas/Archives/2005/11-09%20REGULAR%20MEETINGMinutes.pdf,212010,application/pdf,2026-09-23 14:45:19.797954,https://www.ahnj.com/ahnj/Agendas/Archives/2005/,2026-09-23 14:45:19.797954,200,"""33c2a-40ad1684a8740""","Fri, 20 Jan 2006 22:00:21 GMT"
f33adff31f66c6f892e50526bd707ef105aeee06583e9b5d188d92f39ef957e7,ahnj,Borough of Atlantic Highlands,minutes,,11-30 Regular Meeting Minutes (pdf),https://www.ahnj.com/ahnj/Agendas/Archives/2005/11-30%20Regular%20Meeting%20Minutes.pdf,204217,application/pdf,2026-09-23 14:45:17.461362,https://www.ahnj.com/ahnj/Agendas/Archives/2005/,2026-09-23 14:45:17.461362,200,"""31db9-40ad1684a8740""","Fri, 20 Jan 2006 22:00:21 GMT"
96de372c8a15fad48a0cd6fa87bf0042317c70d070fbc9d0126aedc9aec5082f,ahnj,Borough of Atlantic Highlands,minutes,,12-14 REGULAR MEETING Minutes (pdf),https://www.ahnj.com/ahnj/Agendas/Archives/2005/12-14%20REGULAR%20MEETING%20Minutes.pdf,176739,application/pdf,2026-09-23 14:45:15.144701,https://www.ahnj.com/ahnj/Agendas/Archives/2005/,2026-09-23 14:45:15.144701,200,"""2b263-40ad1684a8740""","Fri, 20 Jan 2006 22:00:21 GMT"
caa5ed073a5aab9ca9b64f99d846c643f788baafc0a53efc273f3268e6dda7cd,ahnj,Borough of Atlantic Highlands,minutes,,12-28 REGULAR MEETING Minutes (pdf),https://www.ahnj.com/ahnj/Agendas/Archives/2005/12-28%20REGULAR%20MEETING%20Minutes.pdf,105043,application/pdf,2026-09-23 14:45:13.744297,https://www.ahnj.com/ahnj/Agendas/Archives/2005/,2026-09-23 14:45:13.744297,200,"""19a53-40ad1684a8740""","Fri, 20 Jan 2006 22:00:21 GMT"
76b41ea6c9953abf0903d0821fea46093d191b19513e99294cf90d5496ea401a,ahnj,Borough of Atlantic Highlands,other,,2005-06 Conflicts of Interest (pdf),https://www.ahnj.com/ahnj/Government/Government%20Records/Most%20Referenced%20Ordinances/2005-06%20Conflicts%20of%20Interest.pdf,682943,application/pdf,2026-09-23 14:43:55.339633,https://www.ahnj.com/ahnj/Government/Government%20Records/Most%20Referenced%20Ordinances/,2026-09-23 14:43:55.339633,200,"""a6bbf-419e67ab99dc0""","Mon, 31 Jul 2006 20:26:39 GMT"
940c406dc49d1338188d4b0aa6a8afe91112a20efd90141f3701405348453092,ahnj,Borough of Atlantic Highlands,other,,2005-07 Awarding of Professional Services (pdf),https://www.ahnj.com/ahnj/Government/Government%20Records/Most%20Referenced%20Ordinances/2005-07%20Awarding%20of%20Professional%20Services.pdf,373303,application/pdf,2026-09-23 14:43:54.107759,https://www.ahnj.com/ahnj/Government/Government%20Records/Most%20Referenced%20Ordinances/,2026-09-23 14:43:54.107759,200,"""5b237-419e67ab99dc0""","Mon, 31 Jul 2006 20:26:39 GMT"
fcd985e3a73a1b0f7096d1c0474faa83e4a79ee2bf2141e6116704048421bc95,ahnj,Borough of Atlantic Highlands,other,,2005-20 Sex Offender Reresidency Restriction (pdf),https://www.ahnj.com/ahnj/Government/Government%20Records/Most%20Referenced%20Ordinances/2005-20%20Sex%20Offender%20Reresidency%20Restriction.pdf,113289,application/pdf,2026-09-23 14:43:52.972093,https://www.ahnj.com/ahnj/Government/Government%20Records/Most%20Referenced%20Ordinances/,2026-09-23 14:43:52.972093,200,"""1ba89-4086fffcf2440""","Wed, 21 Dec 2005 14:57:13 GMT"
b0051f56338fe379e8b7c00dd0de99c165104fc354e97366a077b41388eb0e9f,ahnj,Borough of Atlantic Highlands,other,,2005-23 Illecit Conections (pdf),https://www.ahnj.com/ahnj/Government/Government%20Records/Most%20Referenced%20Ordinances/2005-23%20Illecit%20Conections.pdf,81413,application/pdf,2026-09-23 14:43:51.838523,https://www.ahnj.com/ahnj/Government/Government%20Records/Most%20Referenced%20Ordinances/,2026-09-23 14:43:51.838523,200,"""13e05-4086fffcf2440""","Wed, 21 Dec 2005 14:57:13 GMT"
c7afea48f7491f953b2c796dc06ed07e445aadc79aee82a2ad33c5cd79a92d32,ahnj,Borough of Atlantic Highlands,other,,2005-24 Wildlife feeding (pdf),https://www.ahnj.com/ahnj/Government/Government%20Records/Most%20Referenced%20Ordinances/2005-24%20Wildlife%20feeding.pdf,76226,application/pdf,2026-09-23 14:43:50.706389,https://www.ahnj.com/ahnj/Government/Government%20Records/Most%20Referenced%20Ordinances/,2026-09-23 14:43:50.706389,200,"""129c2-4086fffcf2440""","Wed, 21 Dec 2005 14:57:13 GMT"
4e24f8cbacd4232bea754b722809753209a4344bbcf0794f83712d06c93f41c8,ahnj,Borough of Atlantic Highlands,other,,2005-25 Improper Waste Disposal (pdf),https://www.ahnj.com/ahnj/Government/Government%20Records/Most%20Referenced%20Ordinances/2005-25%20Improper%20Waste%20Disposal.pdf,80978,application/pdf,2026-09-23 14:43:49.584272,https://www.ahnj.com/ahnj/Government/Government%20Records/Most%20Referenced%20Ordinances/,2026-09-23 14:43:49.584272,200,"""13c52-4086fffcf2440""","Wed, 21 Dec 2005 14:57:13 GMT"
ada560ebac6606f8b72122773e729fd065dddf63309e8795d40479ee0e9bf161,ahnj,Borough of Atlantic Highlands,other,,2005-26 Litter Control (pdf),https://www.ahnj.com/ahnj/Government/Government%20Records/Most%20Referenced%20Ordinances/2005-26%20%20Litter%20Control.pdf,105314,application/pdf,2026-09-23 14:43:48.438532,https://www.ahnj.com/ahnj/Government/Government%20Records/Most%20Referenced%20Ordinances/,2026-09-23 14:43:48.438532,200,"""19b62-4086fffcf2440""","Wed, 21 Dec 2005 14:57:13 GMT"
ae1492f337bc5cc3eaa6c19c14eb6703ce2703cff9763f4d4dcf51cfe1a8dfd8,ahnj,Borough of Atlantic Highlands,other,,2005-27 Yard Waste (pdf),https://www.ahnj.com/ahnj/Government/Government%20Records/Most%20Referenced%20Ordinances/2005-27%20%20Yard%20Waste.pdf,104536,application/pdf,2026-09-23 14:43:47.299949,https://www.ahnj.com/ahnj/Government/Government%20Records/Most%20Referenced%20Ordinances/,2026-09-23 14:43:47.299949,200,"""19858-4086fffcf2440""","Wed, 21 Dec 2005 14:57:13 GMT"
6e13d7822a79ff580b924670bf4ac46983612b8d4a9675a661d1135b3bec3b32,ahnj,Borough of Atlantic Highlands,other,,2005-28 Pet Waste (pdf),https://www.ahnj.com/ahnj/Government/Government%20Records/Most%20Referenced%20Ordinances/2005-28%20Pet%20Waste.pdf,67144,application/pdf,2026-09-23 14:43:46.140766,https://www.ahnj.com/ahnj/Government/Government%20Records/Most%20Referenced%20Ordinances/,2026-09-23 14:43:46.140766,200,"""10648-4086fffcf2440""","Wed, 21 Dec 2005 14:57:13 GMT"
485e707f7a46828a8a2cd5059d56477f0dcd2d7f42f727b5f2fbf7101177fa51,ahnj,Borough of Atlantic Highlands,agenda,,2006 Reorganization Meeting (doc),https://www.ahnj.com/ahnj/Agendas/Archives/2006/2006%20Reorganization%20Meeting.doc,121856,application/msword,2026-09-23 14:46:47.242792,https://www.ahnj.com/ahnj/Agendas/Archives/2006/,2026-09-23 14:46:47.242792,200,"""1dc00-4092af3e52600""","Fri, 30 Dec 2005 21:59:52 GMT"
358d3ff63145c1c2e195f5015a0cd72e3af7dba9b4a03afec30df3ea66ae0377,ahnj,Borough of Atlantic Highlands,agenda,,2006 Reorganization Meeting (pdf),https://www.ahnj.com/ahnj/Agendas/Archives/2006/2006%20Reorganization%20Meeting.pdf,2013104,application/pdf,2026-09-23 14:46:45.433803,https://www.ahnj.com/ahnj/Agendas/Archives/2006/,2026-09-23 14:46:45.433803,200,"""1eb7b0-40c61bd3b8c40""","Thu, 09 Feb 2006 19:37:13 GMT"
a8d91d7f95309ca23a1b0b37ddc5811b06f86f8034a6fe2f933169a97623be11,ahnj,Borough of Atlantic Highlands,other,,2006-02 Development Fee Ordinance (pdf),https://www.ahnj.com/ahnj/Government/Government%20Records/Most%20Referenced%20Ordinances/2006-02%20Development%20Fee%20Ordinance.pdf,120617,application/pdf,2026-09-23 14:43:44.952123,https://www.ahnj.com/ahnj/Government/Government%20Records/Most%20Referenced%20Ordinances/,2026-09-23 14:43:44.952123,200,"""1d729-41b4c4f047800""","Fri, 18 Aug 2006 15:21:04 GMT"
ae4bb44b53915f87c96867393866c5a4b49ce281a18d488cb35e6d222b474ce6,ahnj,Borough of Atlantic Highlands,other,,2006-03 Amending Maximum Borough Fines (pdf),https://www.ahnj.com/ahnj/Government/Government%20Records/Most%20Referenced%20Ordinances/2006-03%20Amending%20Maximum%20Borough%20Fines.pdf,86642,application/pdf,2026-09-23 14:43:43.819378,https://www.ahnj.com/ahnj/Government/Government%20Records/Most%20Referenced%20Ordinances/,2026-09-23 14:43:43.819378,200,"""15272-41b4c4f047800""","Fri, 18 Aug 2006 15:21:04 GMT"
5551d507c7d06780adaf3e9f36631ef21611d892425728e28b063575e81c4cb6,ahnj,Borough of Atlantic Highlands,other,,2006-04 Abandoned Vehicles (pdf),https://www.ahnj.com/ahnj/Government/Government%20Records/Most%20Referenced%20Ordinances/2006-04%20Abandoned%20Vehicles.pdf,153138,application/pdf,2026-09-23 14:43:42.670071,https://www.ahnj.com/ahnj/Government/Government%20Records/Most%20Referenced%20Ordinances/,2026-09-23 14:43:42.670071,200,"""25632-41b4c4f047800""","Fri, 18 Aug 2006 15:21:04 GMT"
424fb77dcf04e8b32d1e9764acec344e48563122ba57f2bbef96d2d829cfd25c,ahnj,Borough of Atlantic Highlands,other,,2006-06 Storm Water Control Ordinance (pdf),https://www.ahnj.com/ahnj/Government/Government%20Records/Most%20Referenced%20Ordinances/2006-06%20Storm%20Water%20Control%20Ordinance.pdf,398418,application/pdf,2026-09-23 14:43:41.415132,https://www.ahnj.com/ahnj/Government/Government%20Records/Most%20Referenced%20Ordinances/,2026-09-23 14:43:41.415132,200,"""61452-41b4c4f047800""","Fri, 18 Aug 2006 15:21:04 GMT"
5938b83a009a6bf58508b8d6d8541e2ecc8ed01755f1af69e282e40b434edfd7,ahnj,Borough of Atlantic Highlands,other,,2006-10 Amending Traffic Ordinance 657 (pdf),https://www.ahnj.com/ahnj/Government/Government%20Records/Most%20Referenced%20Ordinances/2006-10%20Amending%20Traffic%20Ordinance%20657.pdf,155866,application/pdf,2026-09-23 14:43:40.257947,https://www.ahnj.com/ahnj/Government/Government%20Records/Most%20Referenced%20Ordinances/,2026-09-23 14:43:40.257947,200,"""260da-41b4c56b4da40""","Fri, 18 Aug 2006 15:23:13 GMT"
02422072305c5edf95520bb7e04474765bc71d9dad0218b55921606e5fb9bcfa,ahnj,Borough of Atlantic Highlands,other,,2006-14 Creating Municipal Housing Liason (pdf),https://www.ahnj.com/ahnj/Government/Government%20Records/Most%20Referenced%20Ordinances/2006-14%20Creating%20Municipal%20Housing%20Liason.pdf,149634,application/pdf,2026-09-23 14:43:39.10206,https://www.ahnj.com/ahnj/Government/Government%20Records/Most%20Referenced%20Ordinances/,2026-09-23 14:43:39.10206,200,"""24882-41b4c56b4da40""","Fri, 18 Aug 2006 15:23:13 GMT"
5e87da43a59d6f0783cb36cb88fe809e66d1a7fa28801e10cafbc6584aef358f,ahnj,Borough of Atlantic Highlands,other,,2006-16 Creating AH Affordable Housing Zone (pdf),https://www.ahnj.com/ahnj/Government/Government%20Records/Most%20Referenced%20Ordinances/2006-16%20Creating%20AH%20Affordable%20Housing%20Zone.pdf,123251,application/pdf,2026-09-23 14:43:37.958158,https://www.ahnj.com/ahnj/Government/Government%20Records/Most%20Referenced%20Ordinances/,2026-09-23 14:43:37.958158,200,"""1e173-41e871a175e80""","Thu, 28 Sep 2006 17:45:14 GMT"
780d25e67f96010f3b7957afe58a3ca506a6937695f7f499eda9a4ca4ed17eb8,ahnj,Borough of Atlantic Highlands,other,,2008-11 - Skate Park Rules and Regulations (pdf),https://www.ahnj.com/ahnj/Government/Government%20Records/Most%20Referenced%20Ordinances/2008-11%20-%20Skate%20Park%20Rules%20and%20Regulations.pdf,143586,application/pdf,2026-09-23 14:43:36.785194,https://www.ahnj.com/ahnj/Government/Government%20Records/Most%20Referenced%20Ordinances/,2026-09-23 14:43:36.785194,200,"""230e2-4546d0754a980""","Thu, 14 Aug 2008 15:19:18 GMT"
4d1bb81f3db615a0fe3f876798e054bf839db2d58072e9df471c605a1bdd60c8,ahnj,Borough of Atlantic Highlands,minutes,,2009 Borough Reorganization Meeting Minutes (pdf),https://www.ahnj.com/ahnj/Agendas/Archives/2009/2009%20Borough%20Reorganization%20Meeting%20Minutes.pdf,1002881,application/pdf,2026-09-23 14:48:33.77345,https://www.ahnj.com/ahnj/Agendas/Archives/2009/,2026-09-23 14:48:33.77345,200,"""f4d81-4622e41fd9c80""","Thu, 05 Feb 2009 16:18:42 GMT"
f051f9b5da59d1272e9bf18318825e933f1e5a259eface1323f5ed90f45c7123,ahnj,Borough of Atlantic Highlands,other,,2009-13 - Flood Damage Prevention (pdf),https://www.ahnj.com/ahnj/Government/Government%20Records/Most%20Referenced%20Ordinances/2009-13%20-%20Flood%20Damage%20Prevention%20.pdf,137397,application/pdf,2026-09-23 14:43:35.636798,https://www.ahnj.com/ahnj/Government/Government%20Records/Most%20Referenced%20Ordinances/,2026-09-23 14:43:35.636798,200,"""218b5-46fef5606dd80""","Thu, 30 Jul 2009 17:07:18 GMT"
6c7064b19788a18fc27d444f56a28ce0a58390314ad2fbe351dac5f08e3fa159,ahnj,Borough of Atlantic Highlands,audit,,2010 Annual Audit.pdf (pdf),https://www.ahnj.com/ahnj/Departments/Finance%20Department/Annual%20Audits/2010%20Annual%20Audit.pdf,32140,text/html,2026-09-23 14:44:14.894224,https://www.ahnj.com/ahnj/Departments/Finance%20Department/Annual%20Audits/,2026-09-23 14:44:14.894224,200,,
ecf7f729759be853d837a5779414fb7c4843d23b62635ff8a7034df702d013c5,ahnj,Borough of Atlantic Highlands,budget,,2010 Annual Debt Statement (pdf),https://www.ahnj.com/ahnj/Departments/Finance%20Department/Financial%20Records/2010%20Annual%20Debt%20Statement.pdf,589943,application/pdf,2026-09-23 14:45:00.24945,https://www.ahnj.com/ahnj/Departments/Finance%20Department/Financial%20Records/,2026-09-23 14:45:00.24945,200,"""90077-49c3f6ab59380""","Mon, 14 Feb 2011 15:08:14 GMT"
2a24ef6f297c843d1d7246bcf63ca08d2c3b959167a4260910f583c2e9e89b4a,ahnj,Borough of Atlantic Highlands,budget,,2010 Annual Financial Statement (pdf),https://www.ahnj.com/ahnj/Departments/Finance%20Department/Financial%20Records/2010%20Annual%20Financial%20Statement.pdf,45013787,application/pdf,2026-09-23 14:44:52.242127,https://www.ahnj.com/ahnj/Departments/Finance%20Department/Financial%20Records/,2026-09-23 14:44:52.242127,200,"""2aedb1b-49c42c40fff80""","Mon, 14 Feb 2011 19:07:58 GMT"
c62ace64cb7dc6b008bba8b89a77daef2acf2f21fe7d3a9336acd76c77130548,ahnj,Borough of Atlantic Highlands,other,,2010-04 - Mandatory Recycling (pdf),https://www.ahnj.com/ahnj/Government/Government%20Records/Most%20Referenced%20Ordinances/2010-04%20-%20Mandatory%20Recycling.pdf,103355,application/pdf,2026-09-23 14:43:34.484196,https://www.ahnj.com/ahnj/Government/Government%20Records/Most%20Referenced%20Ordinances/,2026-09-23 14:43:34.484196,200,"""193bb-4819c9a5537c0""","Fri, 12 Mar 2010 15:58:31 GMT"
5563774c334cf38737ecc312e484fb328acd7f63bf9cf62087a24fe3c25867f9,ahnj,Borough of Atlantic Highlands,other,,2010-09 - New No Parking Zones - Garfield and Washington Avenues (pdf),https://www.ahnj.com/ahnj/Government/Government%20Records/Most%20Referenced%20Ordinances/2010-09%20-%20New%20No%20Parking%20Zones%20-%20Garfield%20and%20Washington%20Avenues.pdf,38006,application/pdf,2026-09-23 14:43:33.350824,https://www.ahnj.com/ahnj/Government/Government%20Records/Most%20Referenced%20Ordinances/,2026-09-23 14:43:33.350824,200,"""9476-48c89b68dd800""","Thu, 29 Jul 2010 17:03:28 GMT"
fccf6887621189fb649dbc9864741a680f5066c9dc1871b250918cc5638cbe53,ahnj,Borough of Atlantic Highlands,other,,2010-11 - Building Height Change (pdf),https://www.ahnj.com/ahnj/Government/Government%20Records/Most%20Referenced%20Ordinances/2010-11%20-%20Building%20Height%20Change.pdf,119646,application/pdf,2026-09-23 14:43:32.199146,https://www.ahnj.com/ahnj/Government/Government%20Records/Most%20Referenced%20Ordinances/,2026-09-23 14:43:32.199146,200,"""1d35e-488115105d180""","Wed, 02 Jun 2010 19:44:22 GMT"
3194a4c6328510341f26e1b7d40afc5d0cfe8b2aac843a7bcc39e7cddac663a2,ahnj,Borough of Atlantic Highlands,other,,2010-15- Solid Wate Management - Bulk Pick Ups (pdf),https://www.ahnj.com/ahnj/Government/Government%20Records/Most%20Referenced%20Ordinances/2010-15-%20%20Solid%20Wate%20Management%20-%20Bulk%20Pick%20Ups.pdf,129957,application/pdf,2026-09-23 14:43:31.034771,https://www.ahnj.com/ahnj/Government/Government%20Records/Most%20Referenced%20Ordinances/,2026-09-23 14:43:31.034771,200,"""1fba5-48a2adc78b3c0""","Tue, 29 Jun 2010 13:03:19 GMT"
098ebf312ef7014f24344f24e2af93a7f92b69cbcd869fbe2a0b7001ceec1ca1,ahnj,Borough of Atlantic Highlands,audit,,2011 Annual Audit (pdf),https://www.ahnj.com/ahnj/Departments/Finance%20Department/Annual%20Audits/2011%20Annual%20Audit.pdf,9093874,application/pdf,2026-09-23 14:44:12.231256,https://www.ahnj.com/ahnj/Departments/Finance%20Department/Annual%20Audits/,2026-09-23 14:44:12.231256,200,"""8ac2f2-4c50c1e17d380""","Tue, 17 Jul 2012 20:09:02 GMT"
b5a0e8e42a11ce68850641c46afe2bf035f60ed9208a6b7c4192e33f21d8c8d4,ahnj,Borough of Atlantic Highlands,budget,,2011 Annual Debt Statement (pdf),https://www.ahnj.com/ahnj/Departments/Finance%20Department/Financial%20Records/2011%20Annual%20Debt%20Statement.pdf,498012,application/pdf,2026-09-23 14:44:50.944332,https://www.ahnj.com/ahnj/Departments/Finance%20Department/Financial%20Records/,2026-09-23 14:44:50.944332,200,"""7995c-4b89ecfe3d0c0""","Fri, 10 Feb 2012 16:42:19 GMT"
d155947f344ce593e75651e650b112b57a35f11f297ad57da7c178f91a95f69a,ahnj,Borough of Atlantic Highlands,audit,,2011 Audit Summary (pdf),https://www.ahnj.com/ahnj/Departments/Finance%20Department/Annual%20Audits/2011%20Audit%20Summary.pdf,1286513,application/pdf,2026-09-23 14:44:10.672057,https://www.ahnj.com/ahnj/Departments/Finance%20Department/Annual%20Audits/,2026-09-23 14:44:10.672057,200,"""13a171-4c5d362406000""","Fri, 27 Jul 2012 17:53:04 GMT"
7b50730e84aa70ef82d8584b3c45ad624303332457cf42348fdd7bdebc252b25,ahnj,Borough of Atlantic Highlands,agenda,,2011 Reorganization Meeting Agenda (doc),https://www.ahnj.com/ahnj/Agendas/Archives/2011/2011%20Reorganization%20Meeting%20Agenda.doc,121344,application/msword,2026-09-23 14:49:25.973686,https://www.ahnj.com/ahnj/Agendas/Archives/2011/,2026-09-23 14:49:25.973686,200,"""1da00-4994684e1e5c0""","Fri, 07 Jan 2011 19:21:03 GMT"
b62c945b8ef3a1fded9401deb4e5d1060f3faeb5bd4d75be398206bbdca73c27,ahnj,Borough of Atlantic Highlands,minutes,,2011 Reorganization Meeting Minutes (pdf),https://www.ahnj.com/ahnj/Agendas/Archives/2011/2011%20Reorganization%20Meeting%20Minutes.pdf,152251,application/pdf,2026-09-23 14:49:24.829598,https://www.ahnj.com/ahnj/Agendas/Archives/2011/,2026-09-23 14:49:24.829598,200,"""252bb-4a9718f18ac00""","Mon, 01 Aug 2011 13:25:04 GMT"
76570896fad6f7282aef5f9a506e05c7df5722de6d0e972c9592a7d47ee45e6f,ahnj,Borough of Atlantic Highlands,other,,2011 Revised Annual Financial Statment (pdf),https://www.ahnj.com/ahnj/Departments/Finance%20Department/Financial%20Records/2011%20Revised%20Annual%20Financial%20Statment.pdf,1187948,application/pdf,2026-09-23 14:44:49.411059,https://www.ahnj.com/ahnj/Departments/Finance%20Department/Financial%20Records/,2026-09-23 14:44:49.411059,200,"""12206c-4d7706560e300""","Fri, 08 Mar 2013 21:20:44 GMT"
a8707417dc9d609b32f8b86a01104851c10316a4524e6f0927acf5a42f00d779,ahnj,Borough of Atlantic Highlands,audit,,2012 Annual Audit (pdf),https://www.ahnj.com/ahnj/Departments/Finance%20Department/Annual%20Audits/2012%20Annual%20Audit.pdf,6478391,application/pdf,2026-09-23 14:44:07.188404,https://www.ahnj.com/ahnj/Departments/Finance%20Department/Annual%20Audits/,2026-09-23 14:44:07.188404,200,"""62da37-4df1f3448a940""","Fri, 14 Jun 2013 15:50:21 GMT"
545f30858cc82dc45604b94e40cc2684a2df8aa33c2989f4ff5456853f368422,ahnj,Borough of Atlantic Highlands,budget,,2012 Annual Debt Statement (pdf),https://www.ahnj.com/ahnj/Departments/Finance%20Department/Financial%20Records/2012%20%20Annual%20Debt%20Statement.pdf,315656,application/pdf,2026-09-23 14:44:48.180619,https://www.ahnj.com/ahnj/Departments/Finance%20Department/Financial%20Records/,2026-09-23 14:44:48.180619,200,"""4d108-4d75462d20b80""","Thu, 07 Mar 2013 11:55:42 GMT"
347c8e7f7ad7f02fd62d5cf7633b438f4bf85c81d1ce2b3bfbcefe7c6df569c1,ahnj,Borough of Atlantic Highlands,audit,,2012 Audit Synopsis (pdf),https://www.ahnj.com/ahnj/Departments/Finance%20Department/Annual%20Audits/2012%20Audit%20Synopsis.pdf,34738,application/pdf,2026-09-23 14:44:06.068333,https://www.ahnj.com/ahnj/Departments/Finance%20Department/Annual%20Audits/,2026-09-23 14:44:06.068333,200,"""87b2-4e0738067f4c0""","Mon, 01 Jul 2013 13:49:47 GMT"
239cffb25079b4b80aba68ffdaad2927cc27ccecd990ec137dfc1a154e790ac5,ahnj,Borough of Atlantic Highlands,agenda,,2012 Reorganization Meeting Agenda (pdf),https://www.ahnj.com/ahnj/Agendas/Archives/2012/2012%20Reorganization%20Meeting%20Agenda.pdf,57784,application/pdf,2026-09-23 14:50:14.85004,https://www.ahnj.com/ahnj/Agendas/Archives/2012/,2026-09-23 14:50:14.85004,200,"""e1b8-4b76f04e1c380""","Thu, 26 Jan 2012 14:15:58 GMT"
2aaca563e43c67760963ffd153b15d35f0a04cbcb46c1458550bb53f298204d3,ahnj,Borough of Atlantic Highlands,minutes,,2012 Reorganization Meeting Minutes (pdf),https://www.ahnj.com/ahnj/Agendas/Archives/2012/2012%20Reorganization%20Meeting%20Minutes.pdf,147360,application/pdf,2026-09-23 14:50:13.703806,https://www.ahnj.com/ahnj/Agendas/Archives/2012/,2026-09-23 14:50:13.703806,200,"""23fa0-4b76efc2dfb00""","Thu, 26 Jan 2012 14:13:32 GMT"
18992b82f679e788d439978bbf8c9004190fe3959ccfa68883609cddda821eb9,ahnj,Borough of Atlantic Highlands,budget,,2016 Annual Debt Statement,https://www.ahnj.com/ahnj/Departments/Finance%20Department/Financial%20Records/2016%20Annual%20Debt%20Statement.xls,673792,application/vnd.ms-excel,2026-09-23 14:44:29.320623,https://www.ahnj.com/ahnj/Departments/Finance%20Department/Financial%20Records/,2026-09-23 14:44:29.320623,200,"""a4800-5ba5c646a5100""","Tue, 02 Feb 2021 15:47:48 GMT"
1f3523195f5af8253d6477dccebd93fe14dd165f137571dbdaf11263c4652f38,ahnj,Borough of Atlantic Highlands,budget,,2017 Annual Debt Statement (pdf),https://www.ahnj.com/ahnj/Departments/Finance%20Department/Financial%20Records/2017%20Annual%20Debt%20Statement%20.pdf,283679,application/pdf,2026-09-23 14:44:46.984361,https://www.ahnj.com/ahnj/Departments/Finance%20Department/Financial%20Records/,2026-09-23 14:44:46.984361,200,"""4541f-56c6758a20e00""","Thu, 17 May 2018 14:06:48 GMT"
d9eaf247df51e48a42a6caea74191562e06a2a6f36f075026b704a310d376b57,ahnj,Borough of Atlantic Highlands,budget,,2017 Annual Financial Statement (1of2) (pdf),https://www.ahnj.com/ahnj/Departments/Finance%20Department/Financial%20Records/2017%20Annual%20Financial%20Statement%20%20%281of2%29.pdf,2256907,application/pdf,2026-09-23 14:44:45.074574,https://www.ahnj.com/ahnj/Departments/Finance%20Department/Financial%20Records/,2026-09-23 14:44:45.074574,200,"""22700b-56c6758a20e00""","Thu, 17 May 2018 14:06:48 GMT"
b0b6230510c8be412ebf06afba896d0f59df184ba5e5f663da92eeb7758c3bc8,ahnj,Borough of Atlantic Highlands,budget,,2017 Annual Financial Statement (2of2) (pdf),https://www.ahnj.com/ahnj/Departments/Finance%20Department/Financial%20Records/2017%20Annual%20Financial%20Statement%20%20%282of2%29.pdf,1045404,application/pdf,2026-09-23 14:44:43.595057,https://www.ahnj.com/ahnj/Departments/Finance%20Department/Financial%20Records/,2026-09-23 14:44:43.595057,200,"""ff39c-56c6758a20e00""","Thu, 17 May 2018 14:06:48 GMT"
3fe6ae790b4aa77c5b7e89efc177add58d462aa34dc390974e758bf9503597a8,ahnj,Borough of Atlantic Highlands,budget,,2017 User Friendly Budget (pdf),https://www.ahnj.com/ahnj/Departments/Finance%20Department/Financial%20Records/2017%20User%20Friendly%20Budget.pdf,992055,application/pdf,2026-09-23 14:44:42.122782,https://www.ahnj.com/ahnj/Departments/Finance%20Department/Financial%20Records/,2026-09-23 14:44:42.122782,200,"""f2337-57006a04bf340""","Mon, 02 Jul 2018 16:24:05 GMT"
ad62c1c82fc663f6291c6f10f542b85f09c2d533dd3a0fca74561a043ef393b2,ahnj,Borough of Atlantic Highlands,budget,,2018 Annual Financial Statement (pdf),https://www.ahnj.com/ahnj/Departments/Finance%20Department/Financial%20Records/2018%20Annual%20Financial%20Statement.pdf,3250230,application/pdf,2026-09-23 14:44:36.268777,https://www.ahnj.com/ahnj/Departments/Finance%20Department/Financial%20Records/,2026-09-23 14:44:36.268777,200,"""319836-5a020a0a32f80""","Thu, 05 Mar 2020 19:34:38 GMT"
c0814420013d293cfa370c22b13e0729dd661014ed17d6766293dcaaaa889936,ahnj,Borough of Atlantic Highlands,other,,2018 Financial Statements (pdf),https://www.ahnj.com/ahnj/Departments/Finance%20Department/Financial%20Records/2018%20Financial%20Statements.pdf,2574136,application/pdf,2026-09-23 14:44:38.605278,https://www.ahnj.com/ahnj/Departments/Finance%20Department/Financial%20Records/,2026-09-23 14:44:38.605278,200,"""274738-58fed79151840""","Mon, 12 Aug 2019 15:49:45 GMT"
29e700db2e25e9b2d6b3772321b23caaad84f97eac15ac590a1b16f14088da10,ahnj,Borough of Atlantic Highlands,budget,,2018 User Friendly Budget (pdf),https://www.ahnj.com/ahnj/Departments/Finance%20Department/Financial%20Records/2018%20User%20Friendly%20Budget.pdf,1105249,application/pdf,2026-09-23 14:44:40.629885,https://www.ahnj.com/ahnj/Departments/Finance%20Department/Financial%20Records/,2026-09-23 14:44:40.629885,200,"""10dd61-571315e6b9bc0""","Tue, 17 Jul 2018 12:48:55 GMT"
7fb52d7a8012a2520917a9e037ef0606ab85c680ff052359769d281063b9987d,ahnj,Borough of Atlantic Highlands,budget,,2019 Annual Financial Statement (Unaudited) (pdf),https://www.ahnj.com/ahnj/Departments/Finance%20Department/Financial%20Records/2019%20Annual%20Financial%20Statement%20%28Unaudited%29.pdf,9370387,application/pdf,2026-09-23 14:44:31.858448,https://www.ahnj.com/ahnj/Departments/Finance%20Department/Financial%20Records/,2026-09-23 14:44:31.858448,200,"""8efb13-5a06dd4b40400""","Mon, 09 Mar 2020 15:41:04 GMT"
902ba3dc4166b7d68445df6c1a8e2c527ab024ddd05cfd21dd32a944cad65eec,ahnj,Borough of Atlantic Highlands,budget,,2020 Annual Debt Statement (pdf),https://www.ahnj.com/ahnj/Departments/Finance%20Department/Financial%20Records/2020%20Annual%20Debt%20Statement.pdf,230508,application/pdf,2026-09-23 14:44:30.678069,https://www.ahnj.com/ahnj/Departments/Finance%20Department/Financial%20Records/,2026-09-23 14:44:30.678069,200,"""3846c-5ba5af0a93fc0""","Tue, 02 Feb 2021 14:03:51 GMT"
97f3356935a407d4f567c3c21babdadf7dd7afdcad2364ad6b85e767863dfb55,ahnj,Borough of Atlantic Highlands,other,,2020 Monmouth County Hazard Mitigation Plan (pdf),https://www.ahnj.com/ahnj/Other%20Links/2020%20Monmouth%20County%20Hazard%20Mitigation%20Plan.pdf,27542235,application/pdf,2026-09-23 14:43:04.156562,https://www.ahnj.com/ahnj/Other%20Links/BIDS%20and%20RFPs/,2026-09-23 14:43:04.156562,200,"""1a442db-5b9d298f4bd00""","Tue, 26 Jan 2021 19:24:04 GMT"
8a6ce926d50322a1133fa3f793538469b9791c6e28eaa67eaa8d96abe2aba510,ahnj,Borough of Atlantic Highlands,budget,,2022 Annual Debt Statement (pdf),https://www.ahnj.com/ahnj/Departments/Finance%20Department/Financial%20Records/2022%20Annual%20Debt%20Statement.pdf,133188,application/pdf,2026-09-23 14:44:28.146752,https://www.ahnj.com/ahnj/Departments/Finance%20Department/Financial%20Records/,2026-09-23 14:44:28.146752,200,"""20844-5f7f89471f680""","Tue, 28 Mar 2023 16:44:58 GMT"
8b307b6c8912382d302016af1d78ee38d96ee4b73d61fa43d59e10d96126a7d3,ahnj,Borough of Atlantic Highlands,budget,,2023 Adopted Budget (pdf),https://www.ahnj.com/ahnj/Departments/Finance%20Department/2023%20Adopted%20Budget.pdf,1085205,application/pdf,2026-09-23 14:43:01.098442,https://www.ahnj.com/ahnj/Departments/Finance%20Department/,2026-09-23 14:43:01.098442,200,"""108f15-60abea9834622""","Wed, 22 Nov 2023 14:37:44 GMT"
ae02c435815295377764b18dc21d06a7245defe2d24f7f17eae66fd5e8eb9fa6,ahnj,Borough of Atlantic Highlands,budget,,2023 Annual Debt Statement (pdf),https://www.ahnj.com/ahnj/Departments/Finance%20Department/Financial%20Records/2023%20Annual%20Debt%20Statement.pdf,133295,application/pdf,2026-09-23 14:44:24.299347,https://www.ahnj.com/ahnj/Departments/Finance%20Department/Financial%20Records/,2026-09-23 14:44:24.299347,200,"""208af-61eb6111e7aed""","Fri, 02 Aug 2024 16:46:20 GMT"
1f5d336d51d56d1cafdff06c2e7259cc8da2bee3cb5c03fce1469ad1b949aee2,ahnj,Borough of Atlantic Highlands,budget,,2023 Annual Financial Statement.PDF (pdf),https://www.ahnj.com/ahnj/Departments/Finance%20Department/Financial%20Records/2023%20Annual%20Financial%20Statement.PDF,1222494,application/pdf,2026-09-23 14:44:26.609838,https://www.ahnj.com/ahnj/Departments/Finance%20Department/Financial%20Records/,2026-09-23 14:44:26.609838,200,"""12a75e-613670fb1a58f""","Mon, 11 Mar 2024 18:53:46 GMT"
3f274c732d08c279fc6e0d5681007cf2b1bafae646c3b4d36c227491d9ae603c,ahnj,Borough of Atlantic Highlands,budget,,2024 Adopted Budget (pdf),https://www.ahnj.com/ahnj/Departments/Finance%20Department/2024%20Adopted%20Budget.pdf,1284952,application/pdf,2026-09-23 14:42:59.817336,https://www.ahnj.com/ahnj/Departments/Finance%20Department/,2026-09-23 14:42:59.817336,200,"""139b58-61d62880bf24c""","Tue, 16 Jul 2024 19:41:26 GMT"
a8c0637a5cc46d6469b33071aa5f8f689ea650a55b322ea2c299c6f1f8661b35,ahnj,Borough of Atlantic Highlands,budget,,2024 Annual Financial Statement (pdf),https://www.ahnj.com/ahnj/Departments/Finance%20Department/Financial%20Records/2024%20Annual%20Financial%20Statement.pdf,7147932,application/pdf,2026-09-23 14:44:20.663423,https://www.ahnj.com/ahnj/Departments/Finance%20Department/Financial%20Records/,2026-09-23 14:44:20.663423,200,"""6d119c-6308d081b4a6d""","Mon, 17 Mar 2025 17:22:24 GMT"
9477d910ae31991fdbc5c3a9fc2c7acaf0d489115ca5977852823876afdfe951,ahnj,Borough of Atlantic Highlands,budget,,2025 Adopted Budget (pdf),https://www.ahnj.com/ahnj/Departments/Finance%20Department/2025%20Adopted%20Budget.pdf,2743217,application/pdf,2026-09-23 14:42:58.481457,https://www.ahnj.com/ahnj/Departments/Finance%20Department/,2026-09-23 14:42:58.481457,200,"""29dbb1-6387d1e09a3b0""","Thu, 26 Jun 2025 17:44:46 GMT"
e8b167c1dc8b8b6facc9ba2b9d49728d33e910e0fee8701f8610382fee9eb594,ahnj,Borough of Atlantic Highlands,budget,,2025 Annual Debt Statement (pdf),https://www.ahnj.com/ahnj/Departments/Finance%20Department/Financial%20Records/2025%20Annual%20Debt%20Statement.pdf,962031,application/pdf,2026-09-23 14:44:19.209505,https://www.ahnj.com/ahnj/Departments/Finance%20Department/Financial%20Records/,2026-09-23 14:44:19.209505,200,"""eadef-648e9dcf7849d""","Wed, 21 Jan 2026 18:12:12 GMT"
28322e53d6a0dbcaadd65f7932619cb55e1217bd1721e44b54bf6cabd0178c71,ahnj,Borough of Atlantic Highlands,budget,,2025 Annual Financial Statement (pdf),https://www.ahnj.com/ahnj/Departments/Finance%20Department/Financial%20Records/2025%20Annual%20Financial%20Statement.pdf,3776284,application/pdf,2026-09-23 14:44:16.444724,https://www.ahnj.com/ahnj/Departments/Finance%20Department/Financial%20Records/,2026-09-23 14:44:16.444724,200,"""399f1c-64aa51e4a59cd""","Thu, 12 Feb 2026 19:01:38 GMT"
95c2004b5ea964e61271c1006b2fc6bf9d67be3efe51e8014fa56058c90ffb0b,ahnj,Borough of Atlantic Highlands,budget,,2026 Adopted Budget (pdf),https://www.ahnj.com/ahnj/Departments/Finance%20Department/2026%20Adopted%20Budget.pdf,3261874,application/pdf,2026-09-23 14:42:55.782123,https://www.ahnj.com/ahnj/Departments/Finance%20Department/,2026-09-23 14:42:55.782123,200,"""31c5b2-656cf6f78f1b7""","Fri, 17 Jul 2026 14:33:08 GMT"
3e6b458208eb38ad091e5cfcef42e06b8f28ee1c89d64c85c3768256f775c8ec,ahnj,Borough of Atlantic Highlands,agenda,,9-20 Special Meeting Agenda (pdf),https://www.ahnj.com/ahnj/Agendas/Archives/2006/9-20%20Special%20Meeting%20Agenda.pdf,76094,application/pdf,2026-09-23 14:46:18.403926,https://www.ahnj.com/ahnj/Agendas/Archives/2006/,2026-09-23 14:46:18.403926,200,"""1293e-41dc019770740""","Mon, 18 Sep 2006 20:20:05 GMT"
c847223ed327331dcd2b968d41ab1589f8afdd550b18f7f0b47ac2bf6d3ffc01,ahnj,Borough of Atlantic Highlands,agenda,,ANNUAL NOTICE OF MEETINGS (pdf),https://www.ahnj.com/ahnj/Agendas/Archives/2005/ANNUAL%20NOTICE%20OF%20MEETINGS.pdf,74877,application/pdf,2026-09-23 14:46:07.479946,https://www.ahnj.com/ahnj/Agendas/Archives/2005/,2026-09-23 14:46:07.479946,200,"""1247d-3f77ad9e70a00""","Thu, 19 May 2005 19:45:44 GMT"
6e47f0e642100f5dbf845dee7a82a3159882a90343597daac65edcfe7fd723ec,ahnj,Borough of Atlantic Highlands,other,,Adopting the Borough Code (pdf),https://www.ahnj.com/ahnj/Government/Government%20Records/Most%20Referenced%20Ordinances/Adopting%20the%20Borough%20Code%20.pdf,166444,application/pdf,2026-09-23 14:43:20.730439,https://www.ahnj.com/ahnj/Government/Government%20Records/Most%20Referenced%20Ordinances/,2026-09-23 14:43:20.730439,200,"""28a2c-4aa3b65f21940""","Thu, 11 Aug 2011 14:13:17 GMT"
c5554f9dc7c05a837dae8bfdc6f1fbfec548fb968f2a59226906c3f24b0b7cbc,ahnj,Borough of Atlantic Highlands,agenda,,"Agenda - December 19, Regular Meeting (pdf)",https://www.ahnj.com/ahnj/Agendas/Archives/2012/Agenda%20-%20December%2019%2C%20Regular%20Meeting.pdf,36508,application/pdf,2026-09-23 14:49:27.228801,https://www.ahnj.com/ahnj/Agendas/Archives/2012/,2026-09-23 14:49:27.228801,200,"""8e9c-4d0d51b271440""","Fri, 14 Dec 2012 19:33:29 GMT"
5beebc92e6b3da0013a3e9fad4b48bea5447a4171abdfbdfcdfcb4e232837874,ahnj,Borough of Atlantic Highlands,agenda,,"Agenda - November 21, Regular Meeting (pdf)",https://www.ahnj.com/ahnj/Agendas/Archives/2012/Agenda%20-%20November%2021%2C%20Regular%20Meeting.pdf,35232,application/pdf,2026-09-23 14:49:28.701436,https://www.ahnj.com/ahnj/Agendas/Archives/2012/,2026-09-23 14:49:28.701436,200,"""89a0-4cea2c57a6800""","Fri, 16 Nov 2012 20:40:00 GMT"
0a03e3744524c1fcce1f789e6326540166e57e88cfba0647e51285f876606f5d,ahnj,Borough of Atlantic Highlands,other,,Animal Control Ordinance (pdf),https://www.ahnj.com/ahnj/Government/Government%20Records/Most%20Referenced%20Ordinances/Animal%20Control%20Ordinance.pdf,443035,application/pdf,2026-09-23 14:43:21.891854,https://www.ahnj.com/ahnj/Government/Government%20Records/Most%20Referenced%20Ordinances/,2026-09-23 14:43:21.891854,200,"""6c29b-45babbdeffec0""","Fri, 14 Nov 2008 20:04:51 GMT"
75116eaf5b8dd509281451d197ca45ca619d06b3c4d4e1b76ea783c9d44b527e,ahnj,Borough of Atlantic Highlands,agenda,,Annual Meeting Notice (pdf),https://www.ahnj.com/ahnj/Agendas/Archives/2007/Annual%20Meeting%20Notice.pdf,86639,application/pdf,2026-09-23 14:47:26.513822,https://www.ahnj.com/ahnj/Agendas/Archives/2007/,2026-09-23 14:47:26.513822,200,"""1526f-426239deb5880""","Wed, 03 Jan 2007 14:25:22 GMT"
2275a70b776fe5fe18aadc9dafb51371eb6de8e751402b7c1af5b52ed251d531,ahnj,Borough of Atlantic Highlands,minutes,,"April 08, Regular Meeting Minutes (pdf)",https://www.ahnj.com/ahnj/Agendas/Archives/2009/April%2008%2C%20Regular%20Meeting%20Minutes.pdf,716782,application/pdf,2026-09-23 14:48:32.425038,https://www.ahnj.com/ahnj/Agendas/Archives/2009/,2026-09-23 14:48:32.425038,200,"""aefee-46b9d37f9d500""","Fri, 05 Jun 2009 17:28:20 GMT"
bda4043df0ec1c4bec3d169a0dfa2ef255b4eff759743192290f694bcba1b799,ahnj,Borough of Atlantic Highlands,minutes,,"April 09, Workshop Meeting Minutes (pdf)",https://www.ahnj.com/ahnj/Agendas/Archives/2008/April%2009%2C%20Workshop%20Meeting%20Minutes.pdf,730340,application/pdf,2026-09-23 14:47:52.942551,https://www.ahnj.com/ahnj/Agendas/Archives/2008/,2026-09-23 14:47:52.942551,200,"""b24e4-44e77f5a2bb00""","Fri, 30 May 2008 19:50:36 GMT"
ceadfc864d7da9bb9e0e2e2fb509f758ff39c44ab18860097b9dd481983d8676,ahnj,Borough of Atlantic Highlands,agenda,,"April 10, Regular Meeting Agenda (pdf)",https://www.ahnj.com/ahnj/Agendas/Archives/2013/April%2010%2C%20Regular%20Meeting%20Agenda.pdf,37316,application/pdf,2026-09-23 14:50:32.970413,https://www.ahnj.com/ahnj/Agendas/Archives/2013/,2026-09-23 14:50:32.970413,200,"""91c4-4d9a2dbd5e4c0""","Fri, 05 Apr 2013 20:23:23 GMT"
ca7eed20ca09a8145cc01896a9a8677fd056a0d0068b448269402760ab7894ee,ahnj,Borough of Atlantic Highlands,minutes,,"April 10, Regular Meeting Minutes (pdf)",https://www.ahnj.com/ahnj/Agendas/Archives/2013/April%2010%2C%20Regular%20Meeting%20Minutes.pdf,43754,application/pdf,2026-09-23 14:50:31.854708,https://www.ahnj.com/ahnj/Agendas/Archives/2013/,2026-09-23 14:50:31.854708,200,"""aaea-4dd63fa332800""","Thu, 23 May 2013 15:02:56 GMT"
0d372a8782bdfa0be2bde6089a15d2c45c2bca8e1dd29ef1f1bc67626378735c,ahnj,Borough of Atlantic Highlands,minutes,,"April 11, Regular Meeting Minutes (pdf)",https://www.ahnj.com/ahnj/Agendas/Archives/2007/April%2011%2C%20Regular%20Meeting%20Minutes.pdf,2051941,application/pdf,2026-09-23 14:47:14.096533,https://www.ahnj.com/ahnj/Agendas/Archives/2007/,2026-09-23 14:47:14.096533,200,"""1f4f65-42f1a76c32bc0""","Fri, 27 Apr 2007 16:16:55 GMT"
0ba694630d294d553ce9c9bfb919dd25f3bad1fc9e16aa9986100c7e80241622,ahnj,Borough of Atlantic Highlands,minutes,,April 12 Regular Meeting Minutes (pdf),https://www.ahnj.com/ahnj/Agendas/Archives/2006/April%2012%20Regular%20Meeting%20Minutes.pdf,104806,application/pdf,2026-09-23 14:46:34.133405,https://www.ahnj.com/ahnj/Agendas/Archives/2006/,2026-09-23 14:46:34.133405,200,"""19966-412bd3a4baec0""","Mon, 01 May 2006 17:17:23 GMT"
10e79327f4c29a93abd1585c2fcaa53338a54abf5c03396f05a7d1bed518d85a,ahnj,Borough of Atlantic Highlands,agenda,,"April 13, Regular Meeting Agenda (pdf)",https://www.ahnj.com/ahnj/Agendas/Archives/2011/April%2013%2C%20Regular%20Meeting%20Agenda.pdf,53905,application/pdf,2026-09-23 14:49:10.070081,https://www.ahnj.com/ahnj/Agendas/Archives/2011/,2026-09-23 14:49:10.070081,200,"""d291-4a06d0a81c9c0""","Fri, 08 Apr 2011 19:14:55 GMT"
dd8537c1e33595cc45d004622d27d75addab84d2dba0026222e25e23e640a133,ahnj,Borough of Atlantic Highlands,minutes,,"April 13, Regular Meeting Minutes (pdf)",https://www.ahnj.com/ahnj/Agendas/Archives/2011/April%2013%2C%20Regular%20Meeting%20Minutes.pdf,110783,application/pdf,2026-09-23 14:49:08.937424,https://www.ahnj.com/ahnj/Agendas/Archives/2011/,2026-09-23 14:49:08.937424,200,"""1b0bf-4a4abb112ba00""","Wed, 01 Jun 2011 19:40:24 GMT"
6b3005ad893e9a90bcf9bca30c0b8bad24f0e6c8a380da3a777218c5f35a0e4b,ahnj,Borough of Atlantic Highlands,agenda,,"April 18, Regular Meeting Agenda (pdf)",https://www.ahnj.com/ahnj/Agendas/Archives/2012/April%2018%2C%20Regular%20Meeting%20Agenda.pdf,57096,application/pdf,2026-09-23 14:49:56.398785,https://www.ahnj.com/ahnj/Agendas/Archives/2012/,2026-09-23 14:49:56.398785,200,"""df08-4bde1b7930700""","Tue, 17 Apr 2012 15:37:32 GMT"
c37dc0d4edc757e08f599e5224d8074650c344c96b7cf852676419f359507508,ahnj,Borough of Atlantic Highlands,minutes,,April 18- Regular Meeting Minutes (pdf),https://www.ahnj.com/ahnj/Agendas/Archives/2012/April%2018-%20Regular%20Meeting%20Minutes.pdf,109507,application/pdf,2026-09-23 14:49:55.25033,https://www.ahnj.com/ahnj/Agendas/Archives/2012/,2026-09-23 14:49:55.25033,200,"""1abc3-4bf37997c2880""","Fri, 04 May 2012 15:30:26 GMT"
c898a8c05a4a0b85d1ad3222f9fd28405e4140ef8cda4f0b3a4ccfd60a6c34a0,ahnj,Borough of Atlantic Highlands,minutes,,"April 22, Regular Meeting Minutes (pdf)",https://www.ahnj.com/ahnj/Agendas/Archives/2009/April%2022%2C%20Regular%20Meeting%20Minutes.pdf,1152979,application/pdf,2026-09-23 14:48:30.720783,https://www.ahnj.com/ahnj/Agendas/Archives/2009/,2026-09-23 14:48:30.720783,200,"""1197d3-46e204b68a280""","Tue, 07 Jul 2009 16:41:30 GMT"
0b8283bffed2fbf55492888b100b8be6b632357383f2b9ce69f08301358274c7,ahnj,Borough of Atlantic Highlands,minutes,,"April 23, Regular Meeting minutes (pdf)",https://www.ahnj.com/ahnj/Agendas/Archives/2008/April%2023%2C%20Regular%20Meeting%20minutes.pdf,1182474,application/pdf,2026-09-23 14:47:51.419382,https://www.ahnj.com/ahnj/Agendas/Archives/2008/,2026-09-23 14:47:51.419382,200,"""120b0a-44e77f5a2bb00""","Fri, 30 May 2008 19:50:36 GMT"
a5608a5b4bca15a9c4cc86356f5461f097dd5bcb0a287c10c514343ef71ee256,ahnj,Borough of Atlantic Highlands,agenda,,"April 24, Regular Meeting Agenda (pdf)",https://www.ahnj.com/ahnj/Agendas/Archives/2013/April%2024%2C%20Regular%20Meeting%20Agenda.pdf,29624,application/pdf,2026-09-23 14:50:30.738657,https://www.ahnj.com/ahnj/Agendas/Archives/2013/,2026-09-23 14:50:30.738657,200,"""73b8-4dabbf439a280""","Fri, 19 Apr 2013 19:44:58 GMT"
cf070e097b50fc90bdf848f4dc7fdc844daac181b93b434dbc336195a6485394,ahnj,Borough of Atlantic Highlands,minutes,,"April 24, Regular Meeting Minutes (pdf)",https://www.ahnj.com/ahnj/Agendas/Archives/2013/April%2024%2C%20Regular%20Meeting%20Minutes.pdf,53920,application/pdf,2026-09-23 14:50:29.614305,https://www.ahnj.com/ahnj/Agendas/Archives/2013/,2026-09-23 14:50:29.614305,200,"""d2a0-4dd63fa332800""","Thu, 23 May 2013 15:02:56 GMT"
43b9c59ea50122eb56c31809402195d8f297b1d8813e358affe0abd8c63ae0f9,ahnj,Borough of Atlantic Highlands,minutes,,"April 25, Regular Meeting Minutes (pdf)",https://www.ahnj.com/ahnj/Agendas/Archives/2012/April%2025%2C%20Regular%20Meeting%20Minutes.pdf,98625,application/pdf,2026-09-23 14:49:52.9794,https://www.ahnj.com/ahnj/Agendas/Archives/2012/,2026-09-23 14:49:52.9794,200,"""18141-4bfaf5882ed00""","Thu, 10 May 2012 14:22:12 GMT"
106609822ca15aea1caba45e3795cd445e72e6ae3b82b793cc56ffec2604eb8c,ahnj,Borough of Atlantic Highlands,minutes,,"April 25, Regular Meeting Minutes (pdf)",https://www.ahnj.com/ahnj/Agendas/Archives/2007/April%2025%2C%20Regular%20Meeting%20Minutes.pdf,1462492,application/pdf,2026-09-23 14:47:12.477476,https://www.ahnj.com/ahnj/Agendas/Archives/2007/,2026-09-23 14:47:12.477476,200,"""1650dc-4303205399340""","Fri, 11 May 2007 13:48:21 GMT"
7f2ed3bf22d405912935bdaf3ba5b97219d2a3c51c91b5da82b2d94e0e955a2e,ahnj,Borough of Atlantic Highlands,agenda,,"April 25,, Regular Meeting Agenda (pdf)",https://www.ahnj.com/ahnj/Agendas/Archives/2012/April%2025%2C%2C%20Regular%20Meeting%20Agenda.pdf,75157,application/pdf,2026-09-23 14:49:54.11486,https://www.ahnj.com/ahnj/Agendas/Archives/2012/,2026-09-23 14:49:54.11486,200,"""12595-4be646d252300""","Tue, 24 Apr 2012 03:34:04 GMT"
78c392daaadcbdad620e43627668a2f2b66c96c9e916305d3fe126f35cca3142,ahnj,Borough of Atlantic Highlands,minutes,,"April 26, Regular Meeting Minutes (pdf)",https://www.ahnj.com/ahnj/Agendas/Archives/2006/April%2026%2C%20Regular%20Meeting%20Minutes.pdf,2644849,application/pdf,2026-09-23 14:46:31.635332,https://www.ahnj.com/ahnj/Agendas/Archives/2006/,2026-09-23 14:46:31.635332,200,"""285b71-413d49b19dac0""","Mon, 15 May 2006 14:36:03 GMT"
8e9afd772064c13b6368f409839caecf8d1289511cb34476de8fc7d0cfc54eed,ahnj,Borough of Atlantic Highlands,minutes,,"April 26, Workshop Meeting Minutes (pdf)",https://www.ahnj.com/ahnj/Agendas/Archives/2006/April%2026%2C%20Workshop%20Meeting%20Minutes.pdf,137680,application/pdf,2026-09-23 14:46:32.987397,https://www.ahnj.com/ahnj/Agendas/Archives/2006/,2026-09-23 14:46:32.987397,200,"""219d0-413d49b19dac0""","Mon, 15 May 2006 14:36:03 GMT"
1f9e8c5dcf2acb0f26fab8ae0772decf4b3c8e19b93175a157667b7c9085badc,ahnj,Borough of Atlantic Highlands,agenda,,"April 27, Regular Meeting Agenda (pdf)",https://www.ahnj.com/ahnj/Agendas/Archives/2011/April%2027%2C%20Regular%20Meeting%20Agenda.pdf,56372,application/pdf,2026-09-23 14:49:07.815172,https://www.ahnj.com/ahnj/Agendas/Archives/2011/,2026-09-23 14:49:07.815172,200,"""dc34-4a17331b37c80""","Thu, 21 Apr 2011 20:00:34 GMT"
a1e8ff48a4ef6388752a631665b659e1923396773213e20443cb6315969840f5,ahnj,Borough of Atlantic Highlands,minutes,,"April 27, Regular Meeting Minutes (pdf)",https://www.ahnj.com/ahnj/Agendas/Archives/2011/April%2027%2C%20Regular%20Meeting%20Minutes.pdf,130482,application/pdf,2026-09-23 14:49:06.65621,https://www.ahnj.com/ahnj/Agendas/Archives/2011/,2026-09-23 14:49:06.65621,200,"""1fdb2-4a4abb112ba00""","Wed, 01 Jun 2011 19:40:24 GMT"
280388a1224d7fadbf787b4a6cb137bfcfdb92be150357ec186c2ea27be68a9f,ahnj,Borough of Atlantic Highlands,audit,,Atlantic Highlands 2023 Audit Report (pdf),https://www.ahnj.com/ahnj/Departments/Finance%20Department/Annual%20Audits/Atlantic%20Highlands%202023%20Audit%20Report.pdf,6652417,application/pdf,2026-09-23 14:44:03.743088,https://www.ahnj.com/ahnj/Departments/Finance%20Department/Annual%20Audits/,2026-09-23 14:44:03.743088,200,"""658201-62bb10a4ae605""","Tue, 14 Jan 2025 21:14:02 GMT"
8fc6044d48a7cfb555466521af82e916d017ec7cbf8622ed0660fc7cd86b3752,ahnj,Borough of Atlantic Highlands,audit,,Atlantic Highlands 2023 Summary of Audit Report for Publication 1 3 25 (pdf),https://www.ahnj.com/ahnj/Departments/Finance%20Department/Annual%20Audits/Atlantic%20Highlands%202023%20Summary%20of%20Audit%20Report%20for%20Publication%201%203%2025.pdf,195004,application/pdf,2026-09-23 14:44:02.591213,https://www.ahnj.com/ahnj/Departments/Finance%20Department/Annual%20Audits/,2026-09-23 14:44:02.591213,200,"""2f9bc-62bb10a4ae7b4""","Tue, 14 Jan 2025 21:14:02 GMT"
9a758c07b464a5e279dd869922fc9741e4a8e0cbe1785918d209522a13953bd8,ahnj,Borough of Atlantic Highlands,audit,,Atlantic Highlands 2024 Audit Report (pdf),https://www.ahnj.com/ahnj/Departments/Finance%20Department/Annual%20Audits/Atlantic%20Highlands%202024%20Audit%20Report.pdf,7012333,application/pdf,2026-09-23 14:43:57.375484,https://www.ahnj.com/ahnj/Departments/Finance%20Department/Annual%20Audits/,2026-09-23 14:43:57.375484,200,"""6affed-64c3555025b93""","Wed, 04 Mar 2026 16:30:03 GMT"
b61a46f2eae215b73abe4b00203dbda475f1a0dce86274609c6dcc2056d57e60,ahnj,Borough of Atlantic Highlands,other,,Atlantic Highlands 2024 Draft ADS (pdf),https://www.ahnj.com/ahnj/Departments/Finance%20Department/Annual%20Audits/Atlantic%20Highlands%202024%20Draft%20ADS.pdf,129109,application/pdf,2026-09-23 14:44:01.438724,https://www.ahnj.com/ahnj/Departments/Finance%20Department/Annual%20Audits/,2026-09-23 14:44:01.438724,200,"""1f855-62bb1109df4a0""","Tue, 14 Jan 2025 21:15:48 GMT"
c6a4a266d2f9009d907beda241c96dfc39829a58faf240e70466dc5445c7f78b,ahnj,Borough of Atlantic Highlands,minutes,,"August 12, Regular Meeting Minutes (pdf)",https://www.ahnj.com/ahnj/Agendas/Archives/2009/August%2012%2C%20Regular%20Meeting%20Minutes.pdf,604231,application/pdf,2026-09-23 14:48:29.405188,https://www.ahnj.com/ahnj/Agendas/Archives/2009/,2026-09-23 14:48:29.405188,200,"""93847-474f941c5bf80""","Fri, 02 Oct 2009 20:03:26 GMT"
749b9e5699668c733dbdde5ccbe91be8969ce2ae18dfd21a1e0431b7df31c85e,ahnj,Borough of Atlantic Highlands,minutes,,"August 13, Regular Meeting Minutes (pdf)",https://www.ahnj.com/ahnj/Agendas/Archives/2008/August%2013%2C%20Regular%20Meeting%20Minutes.pdf,1109078,application/pdf,2026-09-23 14:47:40.418676,https://www.ahnj.com/ahnj/Agendas/Archives/2008/,2026-09-23 14:47:40.418676,200,"""10ec56-458356a31c440""","Wed, 01 Oct 2008 18:39:05 GMT"
2b7938c47768ae1c1f231f5c84c4fd0a2f6fb897970b405a915fda94191289bc,ahnj,Borough of Atlantic Highlands,agenda,,"August 14, Regular Meeting Agenda (pdf)",https://www.ahnj.com/ahnj/Agendas/Archives/2013/August%2014%2C%20Regular%20Meeting%20Agenda.pdf,37083,application/pdf,2026-09-23 14:50:16.090247,https://www.ahnj.com/ahnj/Agendas/Archives/2013/,2026-09-23 14:50:16.090247,200,"""90db-4e3899626ea00""","Fri, 09 Aug 2013 20:26:16 GMT"
d2ccc249eb38e13d6d5e2a216bf5ba9c34f21c215c52c4f61ff1f4fd891fc32a,ahnj,Borough of Atlantic Highlands,agenda,,"August 15, Meeting Agenda (pdf)",https://www.ahnj.com/ahnj/Agendas/Archives/2012/August%2015%2C%20Meeting%20Agenda.pdf,55262,application/pdf,2026-09-23 14:49:38.949072,https://www.ahnj.com/ahnj/Agendas/Archives/2012/,2026-09-23 14:49:38.949072,200,"""d7de-4c6eb37492f80""","Fri, 10 Aug 2012 15:44:14 GMT"
6ed648ef702e59816d22279e0371ad1aac07a5d31e61939b713929c8afb6b5d3,ahnj,Borough of Atlantic Highlands,minutes,,"August 15, Regular Meeting Minutes (pdf)",https://www.ahnj.com/ahnj/Agendas/Archives/2012/August%2015%2C%20Regular%20Meeting%20Minutes.pdf,150008,application/pdf,2026-09-23 14:49:37.774414,https://www.ahnj.com/ahnj/Agendas/Archives/2012/,2026-09-23 14:49:37.774414,200,"""249f8-4c9953d8fffc0""","Thu, 13 Sep 2012 13:25:27 GMT"
adac92f853605c9595134a8f9e9945d45cbcf1c4f1db5dab186a589511764f5b,ahnj,Borough of Atlantic Highlands,minutes,,"August 15, Regular Meeting Minutes (pdf)",https://www.ahnj.com/ahnj/Agendas/Archives/2007/August%2015%2C%20Regular%20Meeting%20Minutes.pdf,5141806,application/pdf,2026-09-23 14:46:57.085916,https://www.ahnj.com/ahnj/Agendas/Archives/2007/,2026-09-23 14:46:57.085916,200,"""4e752e-43a19a1ccf580""","Fri, 14 Sep 2007 14:54:30 GMT"
e72db9c9318917c83574b91ebe3624458ffd24c2c264774d43cc0f44e506236b,ahnj,Borough of Atlantic Highlands,minutes,,"August 16, Regular Meeting Minutes (pdf)",https://www.ahnj.com/ahnj/Agendas/Archives/2006/August%2016%2C%20Regular%20Meeting%20Minutes.pdf,2263000,application/pdf,2026-09-23 14:46:21.580894,https://www.ahnj.com/ahnj/Agendas/Archives/2006/,2026-09-23 14:46:21.580894,200,"""2287d8-41d6d08231400""","Thu, 14 Sep 2006 17:13:52 GMT"
58a9b83fd10e742efb11e94b1b33e12176cb55f47ef81201ad785277b339c856,ahnj,Borough of Atlantic Highlands,agenda,,"August 17, Regular Meeting Agenda (pdf)",https://www.ahnj.com/ahnj/Agendas/Archives/2011/August%2017%2C%20Regular%20Meeting%20Agenda.pdf,54166,application/pdf,2026-09-23 14:48:51.839419,https://www.ahnj.com/ahnj/Agendas/Archives/2011/,2026-09-23 14:48:51.839419,200,"""d396-4aa53c3a1a200""","Fri, 12 Aug 2011 19:17:28 GMT"
498381e7592e9c70f5224d10e525f89ae33b46eed025c2f82764188581e71821,ahnj,Borough of Atlantic Highlands,minutes,,"August 17, Regular Meeting Minutes (pdf)",https://www.ahnj.com/ahnj/Agendas/Archives/2011/August%2017%2C%20Regular%20Meeting%20Minutes.pdf,125859,application/pdf,2026-09-23 14:48:50.703733,https://www.ahnj.com/ahnj/Agendas/Archives/2011/,2026-09-23 14:48:50.703733,200,"""1eba3-4acfc7cc71300""","Thu, 15 Sep 2011 15:25:32 GMT"
ecb322b66e536e8e2f5305ff88e00f0d77dec438357507c567b5ebb133b57e23,ahnj,Borough of Atlantic Highlands,minutes,,"August 20, Special Meeting Minutes (pdf)",https://www.ahnj.com/ahnj/Agendas/Archives/2008/August%2020%2C%20Special%20Meeting%20Minutes.pdf,1357426,application/pdf,2026-09-23 14:47:38.845928,https://www.ahnj.com/ahnj/Agendas/Archives/2008/,2026-09-23 14:47:38.845928,200,"""14b672-458356a31c440""","Wed, 01 Oct 2008 18:39:05 GMT"
da988e7401e160607e636f34c1d0002c4d4db8d700df49ceed24afd78e6e271b,ahnj,Borough of Atlantic Highlands,minutes,,"August 28, Emergency Meeting Minutes (pdf)",https://www.ahnj.com/ahnj/Agendas/Archives/2008/August%2028%2C%20Emergency%20Meeting%20Minutes.pdf,124422,application/pdf,2026-09-23 14:47:37.69939,https://www.ahnj.com/ahnj/Agendas/Archives/2008/,2026-09-23 14:47:37.69939,200,"""1e606-458356a31c440""","Wed, 01 Oct 2008 18:39:05 GMT"
8cad51dd337356e45539d1c576a94d4014569acadb98c555987ffe9356ab3485,ahnj,Borough of Atlantic Highlands,other,,Bed & Breakfast Enabling Ordinance (pdf),https://www.ahnj.com/ahnj/Government/Government%20Records/Most%20Referenced%20Ordinances/Bed%20%26%20Breakfast%20Enabling%20Ordinance.pdf,147899,application/pdf,2026-09-23 14:43:19.565007,https://www.ahnj.com/ahnj/Government/Government%20Records/Most%20Referenced%20Ordinances/,2026-09-23 14:43:19.565007,200,"""241bb-4aa3b65f21940""","Thu, 11 Aug 2011 14:13:17 GMT"
21fa0af150660e3560b917cf946eb66ae569c6acff36acd1bdf38a39a4202725,ahnj,Borough of Atlantic Highlands,other,,Bed & Breakfast Licensing Requirements (pdf),https://www.ahnj.com/ahnj/Government/Government%20Records/Most%20Referenced%20Ordinances/Bed%20%26%20Breakfast%20Licensing%20Requirements.pdf,110770,application/pdf,2026-09-23 14:43:18.420198,https://www.ahnj.com/ahnj/Government/Government%20Records/Most%20Referenced%20Ordinances/,2026-09-23 14:43:18.420198,200,"""1b0b2-4aa3b65f21940""","Thu, 11 Aug 2011 14:13:17 GMT"
751c940bc53ebfa74ac53414082abf62ff50ab0f527c8c56556128e9fac832cf,ahnj,Borough of Atlantic Highlands,other,,Creating the R3 Zone (pdf),https://www.ahnj.com/ahnj/Government/Government%20Records/Most%20Referenced%20Ordinances/Creating%20the%20R3%20Zone%20.pdf,336275,application/pdf,2026-09-23 14:43:29.845576,https://www.ahnj.com/ahnj/Government/Government%20Records/Most%20Referenced%20Ordinances/,2026-09-23 14:43:29.845576,200,"""52193-4204160552b00""","Fri, 20 Oct 2006 17:24:28 GMT"
70203c1834dd1aeed6fc4e39011ceaeb8885308862baeba53bfed746b1857c05,ahnj,Borough of Atlantic Highlands,other,,Curfew (pdf),https://www.ahnj.com/ahnj/Government/Government%20Records/Most%20Referenced%20Ordinances/Curfew.pdf,74773,application/pdf,2026-09-23 14:43:28.7067,https://www.ahnj.com/ahnj/Government/Government%20Records/Most%20Referenced%20Ordinances/,2026-09-23 14:43:28.7067,200,"""12415-45795962b3400""","Tue, 23 Sep 2008 19:58:08 GMT"
6b6af42576ebdc25dc0aea5c5499958a17e6980450225ac6b303422c1fb3931c,ahnj,Borough of Atlantic Highlands,agenda,,"December 02, Regular Meeting Agenda (pdf)",https://www.ahnj.com/ahnj/Agendas/Archives/2009/December%2002%2C%20Regular%20Meeting%20Agenda.pdf,43057,application/pdf,2026-09-23 14:48:28.271759,https://www.ahnj.com/ahnj/Agendas/Archives/2009/,2026-09-23 14:48:28.271759,200,"""a831-47935a10c2d40""","Wed, 25 Nov 2009 17:45:49 GMT"
7deeb8de4544e3efba3593ed80603b4896c200a06dba6749bbed79a982fa37cd,ahnj,Borough of Atlantic Highlands,minutes,,"December 02, Regular Meeting Minutes (pdf)",https://www.ahnj.com/ahnj/Agendas/Archives/2009/December%2002%2C%20Regular%20Meeting%20Minutes.pdf,80839,application/pdf,2026-09-23 14:48:05.859895,https://www.ahnj.com/ahnj/Agendas/Archives/2009/,2026-09-23 14:48:05.859895,200,"""13bc7-47c82cc98c7c0""","Wed, 06 Jan 2010 18:05:27 GMT"
63d4d1f8f35d740770ff57ba013205f53f98e58850c0e502f710156fb4e34aa9,ahnj,Borough of Atlantic Highlands,minutes,,"December 10, Regular Meeting Minutes (pdf)",https://www.ahnj.com/ahnj/Agendas/Archives/2008/December%2010%2C%20Regular%20Meeting%20Minutes.pdf,829410,application/pdf,2026-09-23 14:47:29.121676,https://www.ahnj.com/ahnj/Agendas/Archives/2008/,2026-09-23 14:47:29.121676,200,"""ca7e2-45fd0f0c32600""","Tue, 06 Jan 2009 14:08:24 GMT"
89a9e27852e430906b504c2488d78b99eb691ab39dc55c2be4349bc0d4292d53,ahnj,Borough of Atlantic Highlands,agenda,,"December 12, Regular Meeting Agenda (pdf)",https://www.ahnj.com/ahnj/Agendas/Archives/2007/December%2012%2C%20Regular%20Meeting%20Agenda.pdf,75777,application/pdf,2026-09-23 14:46:48.498201,https://www.ahnj.com/ahnj/Agendas/Archives/2007/,2026-09-23 14:46:48.498201,200,"""12801-440b2f1448ac0""","Fri, 07 Dec 2007 14:20:03 GMT"
e9d37f5704e5168b41cb02f6fa65c8df9a6b265ad457709b2995b7a32df49a15,ahnj,Borough of Atlantic Highlands,minutes,,"December 12, Special Meeting Minutes (pdf)",https://www.ahnj.com/ahnj/Agendas/Archives/2008/December%2012%2C%20Special%20Meeting%20Minutes.pdf,25733,application/pdf,2026-09-23 14:47:27.760079,https://www.ahnj.com/ahnj/Agendas/Archives/2008/,2026-09-23 14:47:27.760079,200,"""6485-45fd0f0c32600""","Tue, 06 Jan 2009 14:08:24 GMT"
1fc9c3b95f12d706dd2c4bf975d49ab1d1bdbf0cf2f5469c5b99ad00cc23e7c9,ahnj,Borough of Atlantic Highlands,agenda,,December 13 Regular Meeting Agenda (pdf),https://www.ahnj.com/ahnj/Agendas/Archives/2006/December%2013%20Regular%20Meeting%20Agenda.pdf,108912,application/pdf,2026-09-23 14:46:10.386423,https://www.ahnj.com/ahnj/Agendas/Archives/2006/,2026-09-23 14:46:10.386423,200,"""1a970-425203928d0c0""","Thu, 21 Dec 2006 16:57:15 GMT"
edfcaea065062bc1539575a1eaccf923526e4cf8bf0b8012b7614bc7775f6e9f,ahnj,Borough of Atlantic Highlands,agenda,,"December 21, regular Meeting Agenda (pdf)",https://www.ahnj.com/ahnj/Agendas/Archives/2011/December%2021%2C%20regular%20Meeting%20Agenda.pdf,90500,application/pdf,2026-09-23 14:48:37.10075,https://www.ahnj.com/ahnj/Agendas/Archives/2011/,2026-09-23 14:48:37.10075,200,"""16184-4b438ae0b7f80""","Fri, 16 Dec 2011 17:10:38 GMT"
337780ecd683c7a874b6e8238d9969af042ae0c25924066d16397fc6ba02d155,ahnj,Borough of Atlantic Highlands,agenda,,December 23 - Special Meeting Agenda (pdf),https://www.ahnj.com/ahnj/Agendas/Archives/2006/December%2023%20-%20Special%20Meeting%20Agenda.pdf,67137,application/pdf,2026-09-23 14:46:08.817307,https://www.ahnj.com/ahnj/Agendas/Archives/2006/,2026-09-23 14:46:08.817307,200,"""10641-425203548fe80""","Thu, 21 Dec 2006 16:56:10 GMT"
40b0676df59001e7a4b2edcf72384db299f5a8e884f8a7d8701768a7a078d773,ahnj,Borough of Atlantic Highlands,agenda,,"December 23, Regular Meeting Agenda (pdf)",https://www.ahnj.com/ahnj/Agendas/Archives/2009/December%2023%2C%20Regular%20Meeting%20Agenda.pdf,56559,application/pdf,2026-09-23 14:48:27.135425,https://www.ahnj.com/ahnj/Agendas/Archives/2009/,2026-09-23 14:48:27.135425,200,"""dcef-47b070b55c300""","Fri, 18 Dec 2009 21:01:32 GMT"
2b3deff1989ab1c6590b4ada56f7b77cc2cdca02bf530612560a9aa157c2cd91,ahnj,Borough of Atlantic Highlands,minutes,,"December 23, Regular Meeting Minutes (pdf)",https://www.ahnj.com/ahnj/Agendas/Archives/2009/December%2023%2C%20Regular%20Meeting%20Minutes.pdf,80929,application/pdf,2026-09-23 14:48:04.37399,https://www.ahnj.com/ahnj/Agendas/Archives/2009/,2026-09-23 14:48:04.37399,200,"""13c21-47c82cc98c7c0""","Wed, 06 Jan 2010 18:05:27 GMT"
1afb87e82f86ed4b5e8e1d5dd1eade82b59f66d27a5a8acdab31117c6cdd848c,ahnj,Borough of Atlantic Highlands,agenda,,February 01 - Special Meeting Agenda (pdf),https://www.ahnj.com/ahnj/Agendas/Archives/2013/February%2001%20-%20Special%20Meeting%20Agenda.pdf,33065,application/pdf,2026-09-23 14:50:44.167429,https://www.ahnj.com/ahnj/Agendas/Archives/2013/,2026-09-23 14:50:44.167429,200,"""8129-4d5b2b76b4c40""","Thu, 14 Feb 2013 17:37:45 GMT"
930f03f6baf2e6ff65d0f486cfa7d978f310ef7bf4be61d08c743cf99fc19efe,ahnj,Borough of Atlantic Highlands,minutes,,February 01 - Special Meeting Minutes (pdf),https://www.ahnj.com/ahnj/Agendas/Archives/2013/February%2001%20-%20Special%20Meeting%20Minutes.pdf,32619,application/pdf,2026-09-23 14:50:43.060542,https://www.ahnj.com/ahnj/Agendas/Archives/2013/,2026-09-23 14:50:43.060542,200,"""7f6b-4d5b2b76b4c40""","Thu, 14 Feb 2013 17:37:45 GMT"
5c19f444d8574347af4eb6f7c81a61f55bae2cefb1aba7882a9b6bc87f58430d,ahnj,Borough of Atlantic Highlands,minutes,,"February 07, Regular Meeting Minutes (pdf)",https://www.ahnj.com/ahnj/Agendas/Archives/2007/February%2007%2C%20Regular%20Meeting%20Minutes.pdf,1868900,application/pdf,2026-09-23 14:47:20.156227,https://www.ahnj.com/ahnj/Agendas/Archives/2007/,2026-09-23 14:47:20.156227,200,"""1c8464-42a2695037c00""","Fri, 23 Feb 2007 15:38:24 GMT"
6e9c0e993a561e68824ca6d42393fd594f3a8edeed135bf86819fc8f1c4c9ab6,ahnj,Borough of Atlantic Highlands,minutes,,February 08 - Regular Meeting Minutes (pdf),https://www.ahnj.com/ahnj/Agendas/Archives/2012/February%2008%20-%20Regular%20Meeting%20Minutes.pdf,55603,application/pdf,2026-09-23 14:50:06.910685,https://www.ahnj.com/ahnj/Agendas/Archives/2012/,2026-09-23 14:50:06.910685,200,"""d933-4bad1b1565940""","Fri, 09 Mar 2012 16:14:53 GMT"
ccd3e70c74e2215fac0e3f15ce72024ad6aaaf2567d94ffe392530320723bbae,ahnj,Borough of Atlantic Highlands,agenda,,"February 08, Regular Meeting(pdf)",https://www.ahnj.com/ahnj/Agendas/Archives/2006/February%2008%2C%20Regular%20Meeting%28pdf%29.pdf,1113237,application/pdf,2026-09-23 14:46:40.849054,https://www.ahnj.com/ahnj/Agendas/Archives/2006/,2026-09-23 14:46:40.849054,200,"""10fc95-40d8b3134c600""","Fri, 24 Feb 2006 14:29:44 GMT"
3047652c0b27a5da61eb098b8ec32b3d3a6580b2a0a4ce6eccec73f42be09402,ahnj,Borough of Atlantic Highlands,agenda,,"February 09, Regular Meeting Agenda (pdf)",https://www.ahnj.com/ahnj/Agendas/Archives/2011/February%2009%2C%20Regular%20Meeting%20Agenda.pdf,54190,application/pdf,2026-09-23 14:49:19.149765,https://www.ahnj.com/ahnj/Agendas/Archives/2011/,2026-09-23 14:49:19.149765,200,"""d3ae-49b79f26695c0""","Fri, 04 Feb 2011 19:32:47 GMT"
a9fe49fcfb7b7b8b8d10834b60cbf09ac295f53e3121ec336af1157e8b042541,ahnj,Borough of Atlantic Highlands,minutes,,"February 09, Regular Meeting Minutes (pdf)",https://www.ahnj.com/ahnj/Agendas/Archives/2011/February%2009%2C%20Regular%20Meeting%20Minutes.pdf,116067,application/pdf,2026-09-23 14:49:17.988811,https://www.ahnj.com/ahnj/Agendas/Archives/2011/,2026-09-23 14:49:17.988811,200,"""1c563-49d08e00b9fc0""","Thu, 24 Feb 2011 15:29:11 GMT"
d16bf48fa5a29ef59af842a1b7de7eb3c76d08d5293a4b627e0fbbed5cc79fb2,ahnj,Borough of Atlantic Highlands,minutes,,"February 11, Regular Meeting Minutes (pdf)",https://www.ahnj.com/ahnj/Agendas/Archives/2009/February%2011%2C%20Regular%20Meeting%20Minutes.pdf,1104170,application/pdf,2026-09-23 14:48:25.652231,https://www.ahnj.com/ahnj/Agendas/Archives/2009/,2026-09-23 14:48:25.652231,200,"""10d92a-464516830cd80""","Wed, 04 Mar 2009 21:05:10 GMT"
56a13e7a7c0b2ab96c557bc3ac94a3071e5e6acdebed5edfa3df8417f15656a8,ahnj,Borough of Atlantic Highlands,agenda,,"February 13, Regular Meeting Agenda (pdf)",https://www.ahnj.com/ahnj/Agendas/Archives/2013/February%2013%2C%20Regular%20Meeting%20Agenda.pdf,38457,application/pdf,2026-09-23 14:50:41.939223,https://www.ahnj.com/ahnj/Agendas/Archives/2013/,2026-09-23 14:50:41.939223,200,"""9639-4d53cf494f740""","Fri, 08 Feb 2013 21:08:05 GMT"
741e5112f2551a05000ca36809e190eaf96e709d87f966766dc36b6ded7c38c5,ahnj,Borough of Atlantic Highlands,minutes,,"February 13, Regular Meeting Minutes (pdf)",https://www.ahnj.com/ahnj/Agendas/Archives/2013/February%2013%2C%20Regular%20Meeting%20Minutes.pdf,48381,application/pdf,2026-09-23 14:50:40.820077,https://www.ahnj.com/ahnj/Agendas/Archives/2013/,2026-09-23 14:50:40.820077,200,"""bcfd-4d94bfc35c700""","Mon, 01 Apr 2013 12:44:44 GMT"
c31323f27d8fe538dc409a31ecc57a8773767d5b6372534718c5d98d6671013a,ahnj,Borough of Atlantic Highlands,minutes,,"February 13, Workshop Meeting Minutes (pdf)",https://www.ahnj.com/ahnj/Agendas/Archives/2008/February%2013%2C%20Workshop%20Meeting%20Minutes.pdf,130104,application/pdf,2026-09-23 14:47:58.272784,https://www.ahnj.com/ahnj/Agendas/Archives/2008/,2026-09-23 14:47:58.272784,200,"""1fc38-44856afd1eb40""","Thu, 13 Mar 2008 19:37:41 GMT"
27429530a0285f0421b0c60c912b79fc207c8e26aa8b6de9f3ffc8cd6b239623,ahnj,Borough of Atlantic Highlands,minutes,,"February 21, Regular Meeting Minutes (pdf)",https://www.ahnj.com/ahnj/Agendas/Archives/2007/February%2021%2C%20Regular%20Meeting%20Minutes.pdf,1578866,application/pdf,2026-09-23 14:47:18.901151,https://www.ahnj.com/ahnj/Agendas/Archives/2007/,2026-09-23 14:47:18.901151,200,"""181772-42c0d2cb37cc0""","Mon, 19 Mar 2007 20:10:03 GMT"
9b1b76357623f6f03abd57fd90d5f50e9b0dc2f56810f7dd8a556959badea05a,ahnj,Borough of Atlantic Highlands,minutes,,February 22 - Regular Meeting Minutes (pdf),https://www.ahnj.com/ahnj/Agendas/Archives/2012/February%2022%20-%20Regular%20Meeting%20Minutes.pdf,331142,application/pdf,2026-09-23 14:50:02.084912,https://www.ahnj.com/ahnj/Agendas/Archives/2012/,2026-09-23 14:50:02.084912,200,"""50d86-4bb4a1094bdc0""","Thu, 15 Mar 2012 15:51:27 GMT"
8074263f52281de478b0c8cdce57547f8ceb3e7e7aaf9071590de8e9bb653af0,ahnj,Borough of Atlantic Highlands,agenda,,February 22 - Regular meeting Agenda (pdf),https://www.ahnj.com/ahnj/Agendas/Archives/2012/February%2022%20-%20Regular%20meeting%20Agenda.pdf,65343,application/pdf,2026-09-23 14:50:03.30022,https://www.ahnj.com/ahnj/Agendas/Archives/2012/,2026-09-23 14:50:03.30022,200,"""ff3f-4bad1a8c11540""","Fri, 09 Mar 2012 16:12:29 GMT"
42fba305730d69e13b953b3d72d1bf6b41dd39d7ecbd81bb7d781c1351dec9f1,ahnj,Borough of Atlantic Highlands,agenda,,February 22 AUDIO TEST (pdf),https://www.ahnj.com/ahnj/Agendas/Archives/2012/February%2022%20AUDIO%20TEST.pdf,3881490,application/pdf,2026-09-23 14:50:04.440387,https://www.ahnj.com/ahnj/Agendas/Archives/2012/,2026-09-23 14:50:04.440387,200,"""3b3a12-4babc6f7e2a80""","Thu, 08 Mar 2012 14:53:14 GMT"
a8d8779a9788030da16929af910ee575c49ff85979456b17467ae0e1e43bd25f,ahnj,Borough of Atlantic Highlands,minutes,,February 22 Regular Meeting Minutes(pdf),https://www.ahnj.com/ahnj/Agendas/Archives/2006/February%2022%20Regular%20Meeting%20Minutes%28pdf%29.pdf,862736,application/pdf,2026-09-23 14:46:39.440156,https://www.ahnj.com/ahnj/Agendas/Archives/2006/,2026-09-23 14:46:39.440156,200,"""d2a10-40e912a072240""","Thu, 09 Mar 2006 15:02:25 GMT"
6280b0d058056489d8e1e7b6f5a84cca1c5936b203cd8a51d6ae7cdbe6bbd84a,ahnj,Borough of Atlantic Highlands,agenda,,"February 23, Regular Meeting Agenda (pdf)",https://www.ahnj.com/ahnj/Agendas/Archives/2011/February%2023%2C%20Regular%20Meeting%20Agenda.pdf,57372,application/pdf,2026-09-23 14:49:16.87843,https://www.ahnj.com/ahnj/Agendas/Archives/2011/,2026-09-23 14:49:16.87843,200,"""e01c-49c9257615f00""","Fri, 18 Feb 2011 18:04:12 GMT"
86d19a193809ca2c9bbd07b9c3fddbd5349dafe7ac9c753713ec47bbd6bd3c6e,ahnj,Borough of Atlantic Highlands,minutes,,"February 23, Regular Meeting Minutes (pdf)",https://www.ahnj.com/ahnj/Agendas/Archives/2011/February%2023%2C%20Regular%20Meeting%20Minutes.pdf,120249,application/pdf,2026-09-23 14:49:15.743779,https://www.ahnj.com/ahnj/Agendas/Archives/2011/,2026-09-23 14:49:15.743779,200,"""1d5b9-49e219503b480""","Thu, 10 Mar 2011 14:22:58 GMT"
b527031136021861a2c02588077cc11c97e1244a6bb027fffca1c943c5eba5ce,ahnj,Borough of Atlantic Highlands,minutes,,"February 25, Regular Meeting Minutes (pdf)",https://www.ahnj.com/ahnj/Agendas/Archives/2009/February%2025%2C%20Regular%20Meeting%20Minutes.pdf,102455,application/pdf,2026-09-23 14:48:24.52105,https://www.ahnj.com/ahnj/Agendas/Archives/2009/,2026-09-23 14:48:24.52105,200,"""19037-4684d9e648180""","Fri, 24 Apr 2009 14:14:46 GMT"
1c0e0c125702ee6e73e5bff89bc8d2196b1ee91e0b36c26453d4c1506f7be92b,ahnj,Borough of Atlantic Highlands,agenda,,"February 27, Regular Meeting Agenda (pdf)",https://www.ahnj.com/ahnj/Agendas/Archives/2013/February%2027%2C%20Regular%20Meeting%20Agenda.pdf,36556,application/pdf,2026-09-23 14:50:39.713672,https://www.ahnj.com/ahnj/Agendas/Archives/2013/,2026-09-23 14:50:39.713672,200,"""8ecc-4d65721897d00""","Fri, 22 Feb 2013 21:47:00 GMT"
ea1cfe476b38b251f54106b10e7cde83fe90057a3f510aad38c5c1c655971bba,ahnj,Borough of Atlantic Highlands,minutes,,"February 27, Regular Meeting Minutes (pdf)",https://www.ahnj.com/ahnj/Agendas/Archives/2008/February%2027%2C%20Regular%20Meeting%20Minutes.pdf,139124,application/pdf,2026-09-23 14:47:57.11565,https://www.ahnj.com/ahnj/Agendas/Archives/2008/,2026-09-23 14:47:57.11565,200,"""21f74-44856afd1eb40""","Thu, 13 Mar 2008 19:37:41 GMT"
57edb112b654a6398aa65b6df56e87f22e685a4900a24862f2817ff5730cba99,ahnj,Borough of Atlantic Highlands,minutes,,"February 27, Regular Meeting Minutes (pdf)",https://www.ahnj.com/ahnj/Agendas/Archives/2013/February%2027%2C%20Regular%20Meeting%20Minutes.pdf,47047,application/pdf,2026-09-23 14:50:38.592712,https://www.ahnj.com/ahnj/Agendas/Archives/2013/,2026-09-23 14:50:38.592712,200,"""b7c7-4d94bfc35c700""","Mon, 01 Apr 2013 12:44:44 GMT"
b80efc40acea642408d1c2628036d5783784e55eda2b88c2ca2d9d7acdb8df59,ahnj,Borough of Atlantic Highlands,minutes,,"January 01, Reorganization Meeting - Minutes (pdf)",https://www.ahnj.com/ahnj/Agendas/Archives/2013/January%2001%2C%20Reorganization%20Meeting%20-%20Minutes.pdf,97216,application/pdf,2026-09-23 14:50:49.753472,https://www.ahnj.com/ahnj/Agendas/Archives/2013/,2026-09-23 14:50:49.753472,200,"""17bc0-4d367f43440c0""","Wed, 16 Jan 2013 13:35:39 GMT"
5e23de4ae4cf21cf0d5309060b46d94ae09a68c973987ea070ef687dacd7d369,ahnj,Borough of Atlantic Highlands,minutes,,"January 01, Reorganization Meeting Minutes (pdf)",https://www.ahnj.com/ahnj/Agendas/Archives/2008/January%2001%2C%20Reorganization%20Meeting%20Minutes.pdf,951966,application/pdf,2026-09-23 14:48:02.03932,https://www.ahnj.com/ahnj/Agendas/Archives/2008/,2026-09-23 14:48:02.03932,200,"""e869e-44942ec1f8340""","Tue, 25 Mar 2008 13:28:05 GMT"
3e3a2d2f3c47a812c11cb39936ac7acf6dc1398656d628ab4b71c595a769079f,ahnj,Borough of Atlantic Highlands,agenda,,"January 09, Regular Meeting Agenda (pdf)",https://www.ahnj.com/ahnj/Agendas/Archives/2013/January%2009%2C%20Regular%20Meeting%20Agenda.pdf,36261,application/pdf,2026-09-23 14:50:48.623118,https://www.ahnj.com/ahnj/Agendas/Archives/2013/,2026-09-23 14:50:48.623118,200,"""8da5-4d27dcabd6f40""","Fri, 04 Jan 2013 22:13:41 GMT"
a0969bc7ad842a2f39aa75b0545c3fb6c0a3fab462c3626224a9f854e3fe84f9,ahnj,Borough of Atlantic Highlands,minutes,,"January 09, Regular Meeting Minutes (pdf)",https://www.ahnj.com/ahnj/Agendas/Archives/2013/January%2009%2C%20Regular%20Meeting%20Minutes.pdf,36158,application/pdf,2026-09-23 14:50:47.514723,https://www.ahnj.com/ahnj/Agendas/Archives/2013/,2026-09-23 14:50:47.514723,200,"""8d3e-4d5b2be555140""","Thu, 14 Feb 2013 17:39:41 GMT"
31cb1943df38c266da3961fc76f95e70a684e527afd0a6a7b9e4265fcf82abe6,ahnj,Borough of Atlantic Highlands,minutes,,"January 10, Regular Meeting Minutes (pdf)",https://www.ahnj.com/ahnj/Agendas/Archives/2007/January%2010%2C%20Regular%20Meeting%20Minutes.pdf,1443644,application/pdf,2026-09-23 14:47:23.324714,https://www.ahnj.com/ahnj/Agendas/Archives/2007/,2026-09-23 14:47:23.324714,200,"""16073c-4290e75793000""","Fri, 09 Feb 2007 17:26:24 GMT"
91e82b08e4cf0d4f707134410d713d1d885b3b5fcfc1828822d9018984ee5417,ahnj,Borough of Atlantic Highlands,agenda,,January 11 - Regular Meeting Agenda (pdf),https://www.ahnj.com/ahnj/Agendas/Archives/2012/January%2011%20-%20Regular%20Meeting%20Agenda.pdf,54815,application/pdf,2026-09-23 14:50:12.579037,https://www.ahnj.com/ahnj/Agendas/Archives/2012/,2026-09-23 14:50:12.579037,200,"""d61f-4b5e25409b000""","Fri, 06 Jan 2012 20:59:44 GMT"
04677678ab2ba51e98a38c562e487d00bf051c853d3ad3e65865c87a0565425d,ahnj,Borough of Atlantic Highlands,minutes,,"January 11, Regular Meeting Minutes (pdf)",https://www.ahnj.com/ahnj/Agendas/Archives/2012/January%2011%2C%20Regular%20Meeting%20Minutes.pdf,110383,application/pdf,2026-09-23 14:50:11.422602,https://www.ahnj.com/ahnj/Agendas/Archives/2012/,2026-09-23 14:50:11.422602,200,"""1af2f-4b76efc2dfb00""","Thu, 26 Jan 2012 14:13:32 GMT"
bbe80aadbee0a5d0ffafd07a857a605c50ef49d8070f2aeec1d67bb0afc38d4f,ahnj,Borough of Atlantic Highlands,agenda,,January 12 - Regular Meeting Agenda (pdf),https://www.ahnj.com/ahnj/Agendas/Archives/2011/January%2012%20-%20Regular%20Meeting%20Agenda.pdf,56270,application/pdf,2026-09-23 14:49:23.704656,https://www.ahnj.com/ahnj/Agendas/Archives/2011/,2026-09-23 14:49:23.704656,200,"""dbce-4994684e1e5c0""","Fri, 07 Jan 2011 19:21:03 GMT"
6b7d655ed7a58b969db81dac163f871a0d2eba0fbfc86fba4bce0b7c9321e295,ahnj,Borough of Atlantic Highlands,minutes,,"January 12, Regular Meeting Minutes (pdf)",https://www.ahnj.com/ahnj/Agendas/Archives/2011/January%2012%2C%20Regular%20Meeting%20Minutes.pdf,136663,application/pdf,2026-09-23 14:49:22.569446,https://www.ahnj.com/ahnj/Agendas/Archives/2011/,2026-09-23 14:49:22.569446,200,"""215d7-49ad739d8d380""","Thu, 27 Jan 2011 17:24:46 GMT"
bc3176b1b41f0f6adbe0664942bcba65ece20974f4d8efdfc8757456ac00284f,ahnj,Borough of Atlantic Highlands,minutes,,"January 14, Regular Meeting Minutes (pdf)",https://www.ahnj.com/ahnj/Agendas/Archives/2009/January%2014%2C%20Regular%20Meeting%20Minutes.pdf,1025721,application/pdf,2026-09-23 14:48:23.037187,https://www.ahnj.com/ahnj/Agendas/Archives/2009/,2026-09-23 14:48:23.037187,200,"""fa6b9-464516830cd80""","Wed, 04 Mar 2009 21:05:10 GMT"
1dcb054cbab3e2dcdcd342b0c10c73d84830fa63840f5d32df9932393f5616e6,ahnj,Borough of Atlantic Highlands,minutes,,January 1st Reorganization Meeting Minutes (pdf),https://www.ahnj.com/ahnj/Agendas/Archives/2007/January%201st%20Reorganization%20Meeting%20Minutes.pdf,1313632,application/pdf,2026-09-23 14:47:24.940799,https://www.ahnj.com/ahnj/Agendas/Archives/2007/,2026-09-23 14:47:24.940799,200,"""140b60-42846aa6dffc0""","Tue, 30 Jan 2007 19:04:39 GMT"
e594f00a27e83dbf242eabb8b408d9a5b6bbe300224990173ec1111dad8e98b6,ahnj,Borough of Atlantic Highlands,agenda,,"January 23, Regular Meeting Agenda (pdf)",https://www.ahnj.com/ahnj/Agendas/Archives/2013/January%2023%2C%20Regular%20Meeting%20Agenda.pdf,55355,application/pdf,2026-09-23 14:50:46.391764,https://www.ahnj.com/ahnj/Agendas/Archives/2013/,2026-09-23 14:50:46.391764,200,"""d83b-4d396ca558500""","Fri, 18 Jan 2013 21:28:20 GMT"
0a599b41f1a80cfcf86bb0c0226f14a5a0c656fabd91ad8579290b3fd2d2ea33,ahnj,Borough of Atlantic Highlands,minutes,,"January 23, Regular Meeting Minutes (pdf)",https://www.ahnj.com/ahnj/Agendas/Archives/2008/January%2023%2C%20Regular%20Meeting%20Minutes.pdf,840851,application/pdf,2026-09-23 14:47:59.421473,https://www.ahnj.com/ahnj/Agendas/Archives/2008/,2026-09-23 14:47:59.421473,200,"""cd493-44856afd1eb40""","Thu, 13 Mar 2008 19:37:41 GMT"
05016c765e6034bc27b3fa4fa559a98955b349061afe9557dee6f7e1d595e121,ahnj,Borough of Atlantic Highlands,minutes,,January 23- Regular Meeting Minutes (pdf),https://www.ahnj.com/ahnj/Agendas/Archives/2013/January%2023-%20Regular%20Meeting%20Minutes.pdf,49793,application/pdf,2026-09-23 14:50:45.272527,https://www.ahnj.com/ahnj/Agendas/Archives/2013/,2026-09-23 14:50:45.272527,200,"""c281-4d5b2b76b4c40""","Thu, 14 Feb 2013 17:37:45 GMT"
d7b3c6c949f2929b19814959ecb61d2d73252a80dda01667ec7d2309be11a3c3,ahnj,Borough of Atlantic Highlands,minutes,,"January 24, Regular Meeting Minutes (pdf)",https://www.ahnj.com/ahnj/Agendas/Archives/2007/January%2024%2C%20Regular%20Meeting%20Minutes%20.pdf,874756,application/pdf,2026-09-23 14:47:21.917494,https://www.ahnj.com/ahnj/Agendas/Archives/2007/,2026-09-23 14:47:21.917494,200,"""d5904-42c0d2cb37cc0""","Mon, 19 Mar 2007 20:10:03 GMT"
0dfe94ccf7986c1990bae49c74a818aa998884d458e32021dfe17a01ca6339f1,ahnj,Borough of Atlantic Highlands,minutes,,"January 25, Regular Meeting Minutes (pdf)",https://www.ahnj.com/ahnj/Agendas/Archives/2006/January%2025%2C%20Regular%20Meeting%20Minutes%20.pdf,1075034,application/pdf,2026-09-23 14:46:42.336534,https://www.ahnj.com/ahnj/Agendas/Archives/2006/,2026-09-23 14:46:42.336534,200,"""10675a-40c714eb27a80""","Fri, 10 Feb 2006 14:11:38 GMT"
81bc5fc5be2a61b1eec6602d771d7d9d528228a9db2dbcae29fdc18d14feabbf,ahnj,Borough of Atlantic Highlands,agenda,,January 25- Regular Meeting Agenda (pdf),https://www.ahnj.com/ahnj/Agendas/Archives/2012/January%2025-%20Regular%20Meeting%20Agenda.pdf,53604,application/pdf,2026-09-23 14:50:10.298153,https://www.ahnj.com/ahnj/Agendas/Archives/2012/,2026-09-23 14:50:10.298153,200,"""d164-4b6f8c01b4580""","Fri, 20 Jan 2012 17:09:58 GMT"
5e45f100d1a4651c39d3f82272da116857de56dd20dc117b99b0c475371c3416,ahnj,Borough of Atlantic Highlands,minutes,,January 25- Regular Meeting Minutes (pdf),https://www.ahnj.com/ahnj/Agendas/Archives/2012/January%2025-%20Regular%20Meeting%20Minutes.pdf,115920,application/pdf,2026-09-23 14:50:09.152908,https://www.ahnj.com/ahnj/Agendas/Archives/2012/,2026-09-23 14:50:09.152908,200,"""1c4d0-4c14268608180""","Wed, 30 May 2012 15:14:30 GMT"
07264032cb6b1a32060dbbcf381072e1096add62d73c43616be9099fed99eb1b,ahnj,Borough of Atlantic Highlands,minutes,,"January 28, Regular Meeting Minutes (pdf)",https://www.ahnj.com/ahnj/Agendas/Archives/2009/January%2028%2C%20%20Regular%20Meeting%20Minutes.pdf,754396,application/pdf,2026-09-23 14:48:21.671021,https://www.ahnj.com/ahnj/Agendas/Archives/2009/,2026-09-23 14:48:21.671021,200,"""b82dc-464516830cd80""","Wed, 04 Mar 2009 21:05:10 GMT"
f6329babcc5b6c4cb8d25bd8218e345efd4afe36ebad01296347f0aafc38c20d,ahnj,Borough of Atlantic Highlands,minutes,,"Januray 09, Workshop Meeting Minutes (pdf)",https://www.ahnj.com/ahnj/Agendas/Archives/2008/Januray%2009%2C%20Workshop%20Meeting%20Minutes.pdf,331199,application/pdf,2026-09-23 14:48:00.824577,https://www.ahnj.com/ahnj/Agendas/Archives/2008/,2026-09-23 14:48:00.824577,200,"""50dbf-44c448c873180""","Fri, 02 May 2008 19:40:06 GMT"
509db415d68f9794245d8d74f36918158155343d0077d8aaecbe27581c62f663,ahnj,Borough of Atlantic Highlands,minutes,,"Januray 11, 2006 Regular Meeting Minutes(pdf)",https://www.ahnj.com/ahnj/Agendas/Archives/2006/Januray%2011%2C%202006%20Regular%20Meeting%20Minutes%28pdf%29.pdf,1505163,application/pdf,2026-09-23 14:46:43.810416,https://www.ahnj.com/ahnj/Agendas/Archives/2006/,2026-09-23 14:46:43.810416,200,"""16f78b-40b95b10881c0""","Mon, 30 Jan 2006 16:10:55 GMT"
1ab916b756265e3132ccb21aace638633e4672a0fca3fa3bda3203431300aae6,ahnj,Borough of Atlantic Highlands,agenda,,"Januray 26, Regular Meeting Agenda (pdf)",https://www.ahnj.com/ahnj/Agendas/Archives/2011/Januray%2026%2C%20Regular%20Meeting%20Agenda.pdf,54683,application/pdf,2026-09-23 14:49:21.431138,https://www.ahnj.com/ahnj/Agendas/Archives/2011/,2026-09-23 14:49:21.431138,200,"""d59b-49a6150073f00""","Fri, 21 Jan 2011 20:44:12 GMT"
06655ef1c9c808659495dab0078d36b71feaba1cbfaa298d76745d1747226fca,ahnj,Borough of Atlantic Highlands,minutes,,"Januray 26, Regular Meeting Minutes (pdf)",https://www.ahnj.com/ahnj/Agendas/Archives/2011/Januray%2026%2C%20Regular%20Meeting%20Minutes.pdf,107868,application/pdf,2026-09-23 14:49:20.2785,https://www.ahnj.com/ahnj/Agendas/Archives/2011/,2026-09-23 14:49:20.2785,200,"""1a55c-49bf083b55cc0""","Thu, 10 Feb 2011 17:00:11 GMT"
4812f5510be59ace3d498417ed1e9e45c2983440887434de3546cadc556d5282,ahnj,Borough of Atlantic Highlands,minutes,,"July 09, Workshop Meeting Minutes (pdf)",https://www.ahnj.com/ahnj/Agendas/Archives/2008/July%2009%2C%20Workshop%20Meeting%20Minutes.pdf,962023,application/pdf,2026-09-23 14:47:43.337658,https://www.ahnj.com/ahnj/Agendas/Archives/2008/,2026-09-23 14:47:43.337658,200,"""eade7-458356a31c440""","Wed, 01 Oct 2008 18:39:05 GMT"
0f78423045407be66675aa5bfc2e6459b8b610a2149863717de9774e6650c1b1,ahnj,Borough of Atlantic Highlands,agenda,,"July 10, Regular Meeting Agenda (pdf)",https://www.ahnj.com/ahnj/Agendas/Archives/2013/July%2010%2C%20Regular%20Meeting%20Agenda.pdf,35973,application/pdf,2026-09-23 14:50:19.460875,https://www.ahnj.com/ahnj/Agendas/Archives/2013/,2026-09-23 14:50:19.460875,200,"""8c85-4e0a19ff78d40""","Wed, 03 Jul 2013 20:51:25 GMT"
b2b09db5ebd78e91bd591d97844ed2cd3c5a722a66d2b26e453bfe4d5b6b7a3f,ahnj,Borough of Atlantic Highlands,minutes,,July 11 Regular Meeting Minutes (pdf),https://www.ahnj.com/ahnj/Agendas/Archives/2007/July%2011%20Regular%20Meeting%20Minutes.pdf,1767664,application/pdf,2026-09-23 14:47:01.684364,https://www.ahnj.com/ahnj/Agendas/Archives/2007/,2026-09-23 14:47:01.684364,200,"""1af8f0-4364376f02140""","Fri, 27 Jul 2007 19:08:13 GMT"
84c85e8b79794cf9d3612e2707eb73f628309d42ce12867b1d4029f0aecfa1da,ahnj,Borough of Atlantic Highlands,agenda,,"July 11, Regular Agenda (pdf)",https://www.ahnj.com/ahnj/Agendas/Archives/2012/July%2011%2C%20Regular%20Agenda.pdf,315716,application/pdf,2026-09-23 14:49:43.616998,https://www.ahnj.com/ahnj/Agendas/Archives/2012/,2026-09-23 14:49:43.616998,200,"""4d144-4c42ebb5fcc80""","Fri, 06 Jul 2012 20:01:38 GMT"
f4f83a0aaf6ee9d148178ddeca414bf7470542d4775b26322a2447f5206a2d4c,ahnj,Borough of Atlantic Highlands,minutes,,"July 11, Regular Meeting Minutes (pdf)",https://www.ahnj.com/ahnj/Agendas/Archives/2012/July%2011%2C%20Regular%20Meeting%20Minutes.pdf,438304,application/pdf,2026-09-23 14:49:42.35404,https://www.ahnj.com/ahnj/Agendas/Archives/2012/,2026-09-23 14:49:42.35404,200,"""6b020-4c5bbf97b3480""","Thu, 26 Jul 2012 13:57:22 GMT"
8c1517856af2b7aaee54e617cc5c7846ce45b1d79f55a945b790a24a9e035e5c,ahnj,Borough of Atlantic Highlands,minutes,,"July 11, Workshop Meeting Minutes (pdf)",https://www.ahnj.com/ahnj/Agendas/Archives/2007/July%2011%2C%20Workshop%20Meeting%20Minutes.pdf,131196,application/pdf,2026-09-23 14:47:03.400338,https://www.ahnj.com/ahnj/Agendas/Archives/2007/,2026-09-23 14:47:03.400338,200,"""2007c-4364376f02140""","Fri, 27 Jul 2007 19:08:13 GMT"
d0b6453683d4e74d5c2c03ebc8e3524a1bb33ab80b740c54106fea516008ab46,ahnj,Borough of Atlantic Highlands,minutes,,July 12- Regular Meeting Minutes (pdf),https://www.ahnj.com/ahnj/Agendas/Archives/2006/July%2012-%20Regular%20Meeting%20Minutes.pdf,1581989,application/pdf,2026-09-23 14:46:24.877967,https://www.ahnj.com/ahnj/Agendas/Archives/2006/,2026-09-23 14:46:24.877967,200,"""1823a5-419a41e44d100""","Fri, 28 Jul 2006 13:16:20 GMT"
06aa6de7073fb0226d2440c655a6b1b0c7750e83227ea00f4753acbe9c4f6a90,ahnj,Borough of Atlantic Highlands,agenda,,"July 13, Regular Meeting Agenda (pdf)",https://www.ahnj.com/ahnj/Agendas/Archives/2011/July%2013%2C%20%20Regular%20Meeting%20Agenda.pdf,43380,application/pdf,2026-09-23 14:48:56.377054,https://www.ahnj.com/ahnj/Agendas/Archives/2011/,2026-09-23 14:48:56.377054,200,"""a974-4a793120214c0""","Fri, 08 Jul 2011 18:33:31 GMT"
2130a6d99fb1efa2b271bc3acf9c0eb391807a0ef3d5ecd8407d9ce35483f330,ahnj,Borough of Atlantic Highlands,minutes,,"July 13, Regular Meeting Minutes (pdf)",https://www.ahnj.com/ahnj/Agendas/Archives/2011/July%2013%2C%20%20Regular%20Meeting%20Minutes.pdf,111513,application/pdf,2026-09-23 14:48:55.24032,https://www.ahnj.com/ahnj/Agendas/Archives/2011/,2026-09-23 14:48:55.24032,200,"""1b399-4aac91298e100""","Thu, 18 Aug 2011 15:14:44 GMT"
b134c7b20f41c13f6ccbb44babb9c645f72429fcd45c43e66cb3ec457da4d1ff,ahnj,Borough of Atlantic Highlands,minutes,,"July 15, Regular Meeting Minutes (pdf)",https://www.ahnj.com/ahnj/Agendas/Archives/2009/July%2015%2C%20Regular%20Meeting%20Minutes.pdf,107439,application/pdf,2026-09-23 14:48:20.526762,https://www.ahnj.com/ahnj/Agendas/Archives/2009/,2026-09-23 14:48:20.526762,200,"""1a3af-474f95a822540""","Fri, 02 Oct 2009 20:10:21 GMT"
9a8ea75b23d67ea39dba3ea799592a038ff270bb3209775922901aa376cb4eba,ahnj,Borough of Atlantic Highlands,minutes,,"July 23, Regular Meeting Minutes (pdf)",https://www.ahnj.com/ahnj/Agendas/Archives/2008/July%2023%2C%20Regular%20Meeting%20Minutes.pdf,933430,application/pdf,2026-09-23 14:47:41.902463,https://www.ahnj.com/ahnj/Agendas/Archives/2008/,2026-09-23 14:47:41.902463,200,"""e3e36-458356a31c440""","Wed, 01 Oct 2008 18:39:05 GMT"
40ea38881267c5f74b175742d15b2d9d6d99c1978f2ddf4ec5054f0f1ff84449,ahnj,Borough of Atlantic Highlands,agenda,,"July 24, Regular Meeting Agenda (pdf)",https://www.ahnj.com/ahnj/Agendas/Archives/2013/July%2024%2C%20Regular%20Meeting%20Agenda.pdf,27803,application/pdf,2026-09-23 14:50:18.346992,https://www.ahnj.com/ahnj/Agendas/Archives/2013/,2026-09-23 14:50:18.346992,200,"""6c9b-4e1e1ca506440""","Fri, 19 Jul 2013 18:49:45 GMT"
6688a5c8277082f4f9bdd53bea46b2d50ad212904cd1a99679378a88dd2668cc,ahnj,Borough of Atlantic Highlands,agenda,,"July 25, Regular Meeting Agenda (pdf)",https://www.ahnj.com/ahnj/Agendas/Archives/2012/July%2025%2C%20Regular%20Meeting%20Agenda.pdf,54786,application/pdf,2026-09-23 14:49:41.218967,https://www.ahnj.com/ahnj/Agendas/Archives/2012/,2026-09-23 14:49:41.218967,200,"""d602-4c5480f02c6c0""","Fri, 20 Jul 2012 19:39:47 GMT"
9e4ea8e0f9baf9c3d63dbbfa8cf74cbaffc819940d0cb2d57d32a12d611cad83,ahnj,Borough of Atlantic Highlands,minutes,,"July 25, Regular Meeting Minutes (pdf)",https://www.ahnj.com/ahnj/Agendas/Archives/2012/July%2025%2C%20Regular%20Meeting%20Minutes.pdf,110698,application/pdf,2026-09-23 14:49:40.070135,https://www.ahnj.com/ahnj/Agendas/Archives/2012/,2026-09-23 14:49:40.070135,200,"""1b06a-4c99541acdb00""","Thu, 13 Sep 2012 13:26:36 GMT"
1501d5af618ee97e592ba3baf3efdae13eaec276f4a1a3884322194a87796a6b,ahnj,Borough of Atlantic Highlands,minutes,,"July 25, Regular Meeting Minutes (pdf)",https://www.ahnj.com/ahnj/Agendas/Archives/2007/July%2025%2C%20Regular%20Meeting%20Minutes.pdf,1602470,application/pdf,2026-09-23 14:47:00.027557,https://www.ahnj.com/ahnj/Agendas/Archives/2007/,2026-09-23 14:47:00.027557,200,"""1873a6-437d51b7421c0""","Thu, 16 Aug 2007 18:18:55 GMT"
c4fcb1fb080337d518ac99c29f9dbb46f10acad987202ad81c77dd44337f3076,ahnj,Borough of Atlantic Highlands,minutes,,July 26 Regular Meeting Minutes (pdf),https://www.ahnj.com/ahnj/Agendas/Archives/2006/July%2026%20Regular%20Meeting%20Minutes.pdf,742860,application/pdf,2026-09-23 14:46:23.484345,https://www.ahnj.com/ahnj/Agendas/Archives/2006/,2026-09-23 14:46:23.484345,200,"""b55cc-41b4cf6ec7a40""","Fri, 18 Aug 2006 16:08:01 GMT"
bec2d0e72c277c01aac5d495ea0fc7ef7922c09240a62bcc99765b7d0364d330,ahnj,Borough of Atlantic Highlands,agenda,,"July 27, Regular Meeting Agenda (pdf)",https://www.ahnj.com/ahnj/Agendas/Archives/2011/July%2027%2C%20%20Regular%20Meeting%20Agenda.pdf,43595,application/pdf,2026-09-23 14:48:54.118834,https://www.ahnj.com/ahnj/Agendas/Archives/2011/,2026-09-23 14:48:54.118834,200,"""aa4b-4a8acc0c7bf40""","Fri, 22 Jul 2011 18:37:09 GMT"
53f1ddaf1027b259a98f33660d41a25d8ba1d756850cbefe181bb1d53a265174,ahnj,Borough of Atlantic Highlands,minutes,,"July 27, Regular Meeting Minutes (pdf)",https://www.ahnj.com/ahnj/Agendas/Archives/2011/July%2027%2C%20%20Regular%20Meeting%20Minutes.pdf,131404,application/pdf,2026-09-23 14:48:52.97182,https://www.ahnj.com/ahnj/Agendas/Archives/2011/,2026-09-23 14:48:52.97182,200,"""2014c-4acfc7cc71300""","Thu, 15 Sep 2011 15:25:32 GMT"
f6a5cfc166faa56ab90008519423fef9cff32803f9d806390b590b65370f2e30,ahnj,Borough of Atlantic Highlands,minutes,,"July 29, Regular Meeting Minutes (pdf)",https://www.ahnj.com/ahnj/Agendas/Archives/2009/July%2029%2C%20Regular%20Meeting%20Minutes.pdf,985477,application/pdf,2026-09-23 14:48:19.061443,https://www.ahnj.com/ahnj/Agendas/Archives/2009/,2026-09-23 14:48:19.061443,200,"""f0985-474f941c5bf80""","Fri, 02 Oct 2009 20:03:26 GMT"
a2a5509d1b7d821bc6479e9e9fa0ab4616925247f9b4dbf025f057eedd4b847a,ahnj,Borough of Atlantic Highlands,agenda,,"June 08, Regular Meeting Agenda (pdf)",https://www.ahnj.com/ahnj/Agendas/Archives/2011/June%2008%2C%20Regular%20Meeting%20Agenda.pdf,55355,application/pdf,2026-09-23 14:49:00.952446,https://www.ahnj.com/ahnj/Agendas/Archives/2011/,2026-09-23 14:49:00.952446,200,"""d83b-4a4d0d108a480""","Fri, 03 Jun 2011 15:57:54 GMT"
8c7ecf78c3eca108e7f0d2dd8be39572d617c7a9c8167535ee6f780680c2c4d7,ahnj,Borough of Atlantic Highlands,minutes,,"June 08, Regular Meeting Minutes (pdf)",https://www.ahnj.com/ahnj/Agendas/Archives/2011/June%2008%2C%20Regular%20Meeting%20Minutes.pdf,113718,application/pdf,2026-09-23 14:48:59.795273,https://www.ahnj.com/ahnj/Agendas/Archives/2011/,2026-09-23 14:48:59.795273,200,"""1bc36-4a807d4aa2340""","Thu, 14 Jul 2011 13:51:33 GMT"
901194e272fc6fc0af9d62b97aaef228c4d8446592138232511d994386aa6e6d,ahnj,Borough of Atlantic Highlands,minutes,,"June 11, Workshop Meeting Minutes (pdf)",https://www.ahnj.com/ahnj/Agendas/Archives/2008/June%2011%2C%20Workshop%20Meeting%20Minutes.pdf,796169,application/pdf,2026-09-23 14:47:46.191723,https://www.ahnj.com/ahnj/Agendas/Archives/2008/,2026-09-23 14:47:46.191723,200,"""c2609-452c71b219d80""","Thu, 24 Jul 2008 15:56:54 GMT"
45b3453bd74547f973f9ba9170630d7ffb56836ee7b85d6a9957f488f3f57fd0,ahnj,Borough of Atlantic Highlands,agenda,,"June 12, Regular Meeting Agenda (pdf)",https://www.ahnj.com/ahnj/Agendas/Archives/2013/June%2012%2C%20Regular%20Meeting%20Agenda.pdf,28090,application/pdf,2026-09-23 14:50:24.028979,https://www.ahnj.com/ahnj/Agendas/Archives/2013/,2026-09-23 14:50:24.028979,200,"""6dba-4de9552978e00""","Fri, 07 Jun 2013 19:20:24 GMT"
8d11d8add3981dadb38e8ec62d8692f8b025036fe7bd3135f4bd87ebf49fd8b6,ahnj,Borough of Atlantic Highlands,minutes,,"June 12, Regular Meeting Minutes (pdf)",https://www.ahnj.com/ahnj/Agendas/Archives/2013/June%2012%2C%20Regular%20Meeting%20Minutes.pdf,42504,application/pdf,2026-09-23 14:50:22.899789,https://www.ahnj.com/ahnj/Agendas/Archives/2013/,2026-09-23 14:50:22.899789,200,"""a608-4e0377f55dfc0""","Fri, 28 Jun 2013 14:14:31 GMT"
810097ca935dbfbee8f984beec9a9a50f148de2dc9f51bf012b6728d07e5c50a,ahnj,Borough of Atlantic Highlands,minutes,,"June 13, Regular Meeting Minutes (pdf)",https://www.ahnj.com/ahnj/Agendas/Archives/2012/June%2013%2C%20Regular%20Meeting%20Minutes.pdf,118960,application/pdf,2026-09-23 14:49:47.210242,https://www.ahnj.com/ahnj/Agendas/Archives/2012/,2026-09-23 14:49:47.210242,200,"""1d0b0-4c389cbaea980""","Thu, 28 Jun 2012 15:15:02 GMT"
7792746e3af69b8a81b00535fa92e239c294359922d8677f320dda3ba935112d,ahnj,Borough of Atlantic Highlands,minutes,,"June 13, Regular Meeting Minutes (pdf)",https://www.ahnj.com/ahnj/Agendas/Archives/2007/June%2013%2C%20Regular%20Meeting%20Minutes.pdf,1871713,application/pdf,2026-09-23 14:47:07.467002,https://www.ahnj.com/ahnj/Agendas/Archives/2007/,2026-09-23 14:47:07.467002,200,"""1c8f61-434479cde9d80""","Mon, 02 Jul 2007 13:14:46 GMT"
10c3b95aa1322f3d056af9d8e32b65c54f9e35141debe35bebeb1cac950bd4c8,ahnj,Borough of Atlantic Highlands,minutes,,June 14 Regular Meeting Minutes (pdf),https://www.ahnj.com/ahnj/Agendas/Archives/2006/June%2014%20Regular%20Meeting%20Minutes.pdf,91178,application/pdf,2026-09-23 14:46:27.694393,https://www.ahnj.com/ahnj/Agendas/Archives/2006/,2026-09-23 14:46:27.694393,200,"""1642a-41b4c062e3a80""","Fri, 18 Aug 2006 15:00:42 GMT"
47d647b931cca55c00ddce06f4e52d30a281ac04f6c8c2df27d91ebf122636fa,ahnj,Borough of Atlantic Highlands,agenda,,"June 22, Regular Meeting Agenda (pdf)",https://www.ahnj.com/ahnj/Agendas/Archives/2011/June%2022%2C%20Regular%20Meeting%20Agenda.pdf,54984,application/pdf,2026-09-23 14:48:58.668664,https://www.ahnj.com/ahnj/Agendas/Archives/2011/,2026-09-23 14:48:58.668664,200,"""d6c8-4a5eaf0e03b40""","Fri, 17 Jun 2011 16:33:09 GMT"
179c64184a42a0291af9612ddd37b4ba02e6ee6cadff98e61012a44c1475c70b,ahnj,Borough of Atlantic Highlands,minutes,,"June 22, Regular Meeting Minutes (pdf)",https://www.ahnj.com/ahnj/Agendas/Archives/2011/June%2022%2C%20Regular%20Meeting%20Minutes.pdf,129476,application/pdf,2026-09-23 14:48:57.510954,https://www.ahnj.com/ahnj/Agendas/Archives/2011/,2026-09-23 14:48:57.510954,200,"""1f9c4-4aac91298e100""","Thu, 18 Aug 2011 15:14:44 GMT"
df3497fa25475398e518ef4260f917795dd8b0e2c67b61f381668273fc0d8738,ahnj,Borough of Atlantic Highlands,minutes,,"June 25, Regular Meeting Minutes (pdf)",https://www.ahnj.com/ahnj/Agendas/Archives/2008/June%2025%2C%20Regular%20Meeting%20Minutes.pdf,865906,application/pdf,2026-09-23 14:47:44.786244,https://www.ahnj.com/ahnj/Agendas/Archives/2008/,2026-09-23 14:47:44.786244,200,"""d3672-458356a31c440""","Wed, 01 Oct 2008 18:39:05 GMT"
d738353ed9a36a7c6e0c105f19e2907a0c0509ae9c2541722dc0f5c17f1a4215,ahnj,Borough of Atlantic Highlands,agenda,,"June 26, Regular Meeting Agenda (pdf)",https://www.ahnj.com/ahnj/Agendas/Archives/2013/June%2026%2C%20Regular%20Meeting%20Agenda.pdf,28211,application/pdf,2026-09-23 14:50:21.78764,https://www.ahnj.com/ahnj/Agendas/Archives/2013/,2026-09-23 14:50:21.78764,200,"""6e33-4dfaf966f73c0""","Fri, 21 Jun 2013 20:05:43 GMT"
d65dcbc26c59a22cbd60004facc9f31267da06dec6aac0e823b6355886328aa1,ahnj,Borough of Atlantic Highlands,minutes,,"June 26, Regular Meeting Minutes (pdf)",https://www.ahnj.com/ahnj/Agendas/Archives/2013/June%2026%2C%20Regular%20Meeting%20Minutes.pdf,46795,application/pdf,2026-09-23 14:50:20.640397,https://www.ahnj.com/ahnj/Agendas/Archives/2013/,2026-09-23 14:50:20.640397,200,"""b6cb-4e1a5f62f6fc0""","Tue, 16 Jul 2013 19:27:03 GMT"
6cceed9b902d3e1eaa10daaf2f48a355c7d6f55cc16de0f072ec3bcffb5c3f52,ahnj,Borough of Atlantic Highlands,agenda,,"June 27, Regular Meeting Agenda (pdf)",https://www.ahnj.com/ahnj/Agendas/Archives/2012/June%2027%2C%20Regular%20Meeting%20Agenda.pdf,69956,application/pdf,2026-09-23 14:49:46.079458,https://www.ahnj.com/ahnj/Agendas/Archives/2012/,2026-09-23 14:49:46.079458,200,"""11144-4c3115c956e80""","Fri, 22 Jun 2012 15:34:02 GMT"
c85d5c329ff48a06d3a5591410e4239821f1fe5850ae7e030678ceb578695380,ahnj,Borough of Atlantic Highlands,minutes,,"June 27, Regular Meeting Minutes (pdf)",https://www.ahnj.com/ahnj/Agendas/Archives/2007/June%2027%2C%20Regular%20Meeting%20Minutes.pdf,5113633,application/pdf,2026-09-23 14:47:04.544874,https://www.ahnj.com/ahnj/Agendas/Archives/2007/,2026-09-23 14:47:04.544874,200,"""4e0721-435622dc82080""","Mon, 16 Jul 2007 14:21:38 GMT"
f14d4d9db7782d6edf167328c3db23b0ac7eb4e91e64a56121f3e493dd13d010,ahnj,Borough of Atlantic Highlands,minutes,,"June 27, Regular Meeting Minutes (pdf)",https://www.ahnj.com/ahnj/Agendas/Archives/2012/June%2027%2C%20Regular%20Meeting%20Minutes.pdf,445339,application/pdf,2026-09-23 14:49:44.820575,https://www.ahnj.com/ahnj/Agendas/Archives/2012/,2026-09-23 14:49:44.820575,200,"""6cb9b-4c5bbf97b3480""","Thu, 26 Jul 2012 13:57:22 GMT"
f26a53104b6b8924ede558ca61c50a24c3d4b3f1354b8ba4cc15b7dac0b014ed,ahnj,Borough of Atlantic Highlands,minutes,,June 28 Regular Meeting Minutes (pdf),https://www.ahnj.com/ahnj/Agendas/Archives/2006/June%2028%20Regular%20Meeting%20Minutes.pdf,105598,application/pdf,2026-09-23 14:46:26.542271,https://www.ahnj.com/ahnj/Agendas/Archives/2006/,2026-09-23 14:46:26.542271,200,"""19c7e-41b4c029ab380""","Fri, 18 Aug 2006 14:59:42 GMT"
eb3bb383aadae0614658b12b848e2f28571e78f191c63f24cba670f13abd5be4,ahnj,Borough of Atlantic Highlands,agenda,,March 09 - Regular Meeting Agenda (pdf),https://www.ahnj.com/ahnj/Agendas/Archives/2011/March%2009%20-%20Regular%20Meeting%20Agenda.pdf,54571,application/pdf,2026-09-23 14:49:14.617882,https://www.ahnj.com/ahnj/Agendas/Archives/2011/,2026-09-23 14:49:14.617882,200,"""d52b-49d9958f745c0""","Thu, 03 Mar 2011 19:50:55 GMT"
9b3a9733421d5ac87f98677871657e067127085e1729b4a2942eeed47be93dd5,ahnj,Borough of Atlantic Highlands,minutes,,"March 09, Regular Meeting Minutes (pdf)",https://www.ahnj.com/ahnj/Agendas/Archives/2011/March%2009%2C%20Regular%20Meeting%20Minutes.pdf,105803,application/pdf,2026-09-23 14:49:13.487096,https://www.ahnj.com/ahnj/Agendas/Archives/2011/,2026-09-23 14:49:13.487096,200,"""19d4b-4a0e0a6e53400""","Thu, 14 Apr 2011 13:10:40 GMT"
1376e3f04f02333ba8172b020d7af2b9598ca09ecebf14fe90cd1a9c5512b9d3,ahnj,Borough of Atlantic Highlands,agenda,,"March 11, Regular Meeting Mintes (pdf)",https://www.ahnj.com/ahnj/Agendas/Archives/2009/March%2011%2C%20Regular%20Meeting%20Mintes.pdf,459720,application/pdf,2026-09-23 14:48:17.790582,https://www.ahnj.com/ahnj/Agendas/Archives/2009/,2026-09-23 14:48:17.790582,200,"""703c8-469d0f2c5b580""","Wed, 13 May 2009 20:20:54 GMT"
cfb0f0212c12811e5dfadc94384fbc189a19758cbec34565e365fe15fb61218a,ahnj,Borough of Atlantic Highlands,minutes,,"March 12, Workshop Meeting Minutes (pdf)",https://www.ahnj.com/ahnj/Agendas/Archives/2008/March%2012%2C%20Workshop%20Meeting%20Minutes.pdf,734061,application/pdf,2026-09-23 14:47:55.752691,https://www.ahnj.com/ahnj/Agendas/Archives/2008/,2026-09-23 14:47:55.752691,200,"""b336d-44c448c873180""","Fri, 02 May 2008 19:40:06 GMT"
2cbfd4bfd9bacda7d900704b1b99886dff062ed864d6d9e96838759e48b368f9,ahnj,Borough of Atlantic Highlands,agenda,,"March 13, Regular Meeting Agenda (pdf)",https://www.ahnj.com/ahnj/Agendas/Archives/2013/March%2013%2C%20Regular%20Meeting%20Agenda.pdf,35830,application/pdf,2026-09-23 14:50:37.450776,https://www.ahnj.com/ahnj/Agendas/Archives/2013/,2026-09-23 14:50:37.450776,200,"""8bf6-4d76fde8d8180""","Fri, 08 Mar 2013 20:43:02 GMT"
78cf3ed61ed54b48902f87a9d3641f6e3919d49ae166ed77a7bc00163339dd7a,ahnj,Borough of Atlantic Highlands,minutes,,"March 13, Regular Meeting Minutes (pdf)",https://www.ahnj.com/ahnj/Agendas/Archives/2013/March%2013%2C%20Regular%20Meeting%20Minutes.pdf,57763,application/pdf,2026-09-23 14:50:36.334328,https://www.ahnj.com/ahnj/Agendas/Archives/2013/,2026-09-23 14:50:36.334328,200,"""e1a3-4d94bdf2ebf40""","Mon, 01 Apr 2013 12:36:37 GMT"
e0fa172a930955d4291b2c67ca928de947d266c8b752d44534dc47bb9b524173,ahnj,Borough of Atlantic Highlands,agenda,,March 14 - Regular meeting Agenda (pdf),https://www.ahnj.com/ahnj/Agendas/Archives/2012/March%2014%20-%20Regular%20meeting%20Agenda.pdf,53439,application/pdf,2026-09-23 14:50:00.950423,https://www.ahnj.com/ahnj/Agendas/Archives/2012/,2026-09-23 14:50:00.950423,200,"""d0bf-4bad1a8c11540""","Fri, 09 Mar 2012 16:12:29 GMT"
cc1be20a4f18c31ee4de09cfec43dc3ab4e5e58246f7403a071f79ff2ce16124,ahnj,Borough of Atlantic Highlands,minutes,,"March 14, Regular Meeting Minutes (pdf)",https://www.ahnj.com/ahnj/Agendas/Archives/2007/March%2014%2C%20Regular%20Meeting%20Minutes.pdf,826483,application/pdf,2026-09-23 14:47:17.501568,https://www.ahnj.com/ahnj/Agendas/Archives/2007/,2026-09-23 14:47:17.501568,200,"""c9c73-42e02ec0e1200""","Fri, 13 Apr 2007 18:46:32 GMT"
a2b39c7d0c1182b1624dfa8c9b5e41960aa0b95fc02eef4c2ce0c6906827b1d8,ahnj,Borough of Atlantic Highlands,minutes,,March 14- Regular Meeting Minutes (pdf),https://www.ahnj.com/ahnj/Agendas/Archives/2012/March%2014-%20Regular%20Meeting%20Minutes.pdf,95094,application/pdf,2026-09-23 14:49:59.793662,https://www.ahnj.com/ahnj/Agendas/Archives/2012/,2026-09-23 14:49:59.793662,200,"""17376-4bf378851a080""","Fri, 04 May 2012 15:25:38 GMT"
05aff418ed3a5f93472c5e128753e39c3c4cfe2e35ffae2e669e2b50647830f5,ahnj,Borough of Atlantic Highlands,minutes,,March 16 Emergency Meeting Minutes (pdf),https://www.ahnj.com/ahnj/Agendas/Archives/2006/March%2016%20Emergency%20Meeting%20Minutes.pdf,446299,application/pdf,2026-09-23 14:46:36.779351,https://www.ahnj.com/ahnj/Agendas/Archives/2006/,2026-09-23 14:46:36.779351,200,"""6cf5b-40fc364ade540""","Fri, 24 Mar 2006 20:23:09 GMT"
374b1da57a6b85fa41514daf75a53889ca12f0df3b99bcd9a7ab773ff631925c,ahnj,Borough of Atlantic Highlands,minutes,,March 22 Regular Meeting Minutes (pdf),https://www.ahnj.com/ahnj/Agendas/Archives/2006/March%2022%20Regular%20Meeting%20Minutes.pdf,1170396,application/pdf,2026-09-23 14:46:35.267746,https://www.ahnj.com/ahnj/Agendas/Archives/2006/,2026-09-23 14:46:35.267746,200,"""11dbdc-413d49b19dac0""","Mon, 15 May 2006 14:36:03 GMT"
f54653d8bf43c8f0ab54620f1126d6b61c95f0a51d53611fc59e02b1d0337586,ahnj,Borough of Atlantic Highlands,agenda,,"March 23, Regular Meeting Agenda (pdf)",https://www.ahnj.com/ahnj/Agendas/Archives/2011/March%2023%2C%20Regular%20Meeting%20Agenda.pdf,70285,application/pdf,2026-09-23 14:49:12.353508,https://www.ahnj.com/ahnj/Agendas/Archives/2011/,2026-09-23 14:49:12.353508,200,"""1128d-49ec6269736c0""","Fri, 18 Mar 2011 18:43:15 GMT"
f8b40ea2efb07bee8f5dc249e0d3175859f58f58a445b570c64fe901009a00bd,ahnj,Borough of Atlantic Highlands,minutes,,"March 23, Regular Meeting Minutes (pdf)",https://www.ahnj.com/ahnj/Agendas/Archives/2011/March%2023%2C%20Regular%20Meeting%20Minutes.pdf,115015,application/pdf,2026-09-23 14:49:11.196205,https://www.ahnj.com/ahnj/Agendas/Archives/2011/,2026-09-23 14:49:11.196205,200,"""1c147-4a0e0a3bc7cc0""","Thu, 14 Apr 2011 13:09:47 GMT"
49a5a513f641af434a23c053f97d17f94e5662b5a63c2773870163bc98791172,ahnj,Borough of Atlantic Highlands,minutes,,"March 25, Regular Meeting Minutes (pdf)",https://www.ahnj.com/ahnj/Agendas/Archives/2009/March%2025%2C%20Regular%20Meeting%20Minutes.pdf,980476,application/pdf,2026-09-23 14:48:16.347105,https://www.ahnj.com/ahnj/Agendas/Archives/2009/,2026-09-23 14:48:16.347105,200,"""ef5fc-469d0e29e93c0""","Wed, 13 May 2009 20:16:23 GMT"
0d24f3c90b1f17cf20a8ed17f89241bc3f7be54f50caa64e7f195e4e5eb976d3,ahnj,Borough of Atlantic Highlands,minutes,,"March 26, Regular Meeting Minutes (pdf)",https://www.ahnj.com/ahnj/Agendas/Archives/2008/March%2026%2C%20Regular%20Meeting%20Minutes.pdf,970055,application/pdf,2026-09-23 14:47:54.310608,https://www.ahnj.com/ahnj/Agendas/Archives/2008/,2026-09-23 14:47:54.310608,200,"""ecd47-44c448c873180""","Fri, 02 May 2008 19:40:06 GMT"
8f87ee178f1bfd491aa00ded6734463ca46e2569c7797072c9a0b83f5a438774,ahnj,Borough of Atlantic Highlands,agenda,,"March 27, Regular Meeting Agenda (pdf)",https://www.ahnj.com/ahnj/Agendas/Archives/2013/March%2027%2C%20Regular%20Meeting%20Agenda.pdf,36258,application/pdf,2026-09-23 14:50:35.211219,https://www.ahnj.com/ahnj/Agendas/Archives/2013/,2026-09-23 14:50:35.211219,200,"""8da2-4d88861372b40""","Fri, 22 Mar 2013 19:22:45 GMT"
5b9621780fab98fe2fd65cd85c48c021b41ff00c67f5000bd7d1cd45dfd7512f,ahnj,Borough of Atlantic Highlands,minutes,,"March 27, Regular Meeting Minutes (pdf)",https://www.ahnj.com/ahnj/Agendas/Archives/2013/March%2027%2C%20Regular%20Meeting%20Minutes.pdf,51731,application/pdf,2026-09-23 14:50:34.089025,https://www.ahnj.com/ahnj/Agendas/Archives/2013/,2026-09-23 14:50:34.089025,200,"""ca13-4da14d0230640""","Thu, 11 Apr 2013 12:20:33 GMT"
9e2bcb3969452fe2e4f81cfb9a60d80eda56629975470ffd2cccba7738a6c427,ahnj,Borough of Atlantic Highlands,minutes,,"March 28, - Regular Meeting Minutes (pdf)",https://www.ahnj.com/ahnj/Agendas/Archives/2012/March%2028%2C%20-%20Regular%20Meeting%20Minutes.pdf,103890,application/pdf,2026-09-23 14:49:57.523912,https://www.ahnj.com/ahnj/Agendas/Archives/2012/,2026-09-23 14:49:57.523912,200,"""195d2-4bfaf683f3f00""","Thu, 10 May 2012 14:26:36 GMT"
d9234ffcabacba0c40cbe99f22e7f42347c14007e87ee3e63d6004ff5604f521,ahnj,Borough of Atlantic Highlands,agenda,,"March 28, Regular Meeting Agenda (pdf)",https://www.ahnj.com/ahnj/Agendas/Archives/2012/March%2028%2C%20Regular%20Meeting%20Agenda.pdf,63681,application/pdf,2026-09-23 14:49:58.66565,https://www.ahnj.com/ahnj/Agendas/Archives/2012/,2026-09-23 14:49:58.66565,200,"""f8c1-4bfaf683f3f00""","Thu, 10 May 2012 14:26:36 GMT"
4968d5afe0d0f8b690952d0fe4399e363ddb42a3bbbe40500e997170522d06e8,ahnj,Borough of Atlantic Highlands,minutes,,"March 28, Regular Meeting Minutes (pdf)",https://www.ahnj.com/ahnj/Agendas/Archives/2007/March%2028%2C%20Regular%20Meeting%20Minutes.pdf,1391235,application/pdf,2026-09-23 14:47:15.90993,https://www.ahnj.com/ahnj/Agendas/Archives/2007/,2026-09-23 14:47:15.90993,200,"""153a83-42e02ec1d5440""","Fri, 13 Apr 2007 18:46:33 GMT"
97778e79f7f19623e89a64006ababb71b504868cc1df79bc93dc95567e1059af,ahnj,Borough of Atlantic Highlands,minutes,,March 8th Regular Meeting Minutes (pdf),https://www.ahnj.com/ahnj/Agendas/Archives/2006/March%208th%20Regular%20Meeting%20Minutes.pdf,865002,application/pdf,2026-09-23 14:46:38.032903,https://www.ahnj.com/ahnj/Agendas/Archives/2006/,2026-09-23 14:46:38.032903,200,"""d32ea-40fc364ade540""","Fri, 24 Mar 2006 20:23:09 GMT"
ee5b790309e75d024843f26ee22d7472012d10457947dc03fb18b5297438ad7d,ahnj,Borough of Atlantic Highlands,minutes,,"May 01, Special Meeting Minutes (pdf)",https://www.ahnj.com/ahnj/Agendas/Archives/2008/May%2001%2C%20Special%20Meeting%20Minutes.pdf,148641,application/pdf,2026-09-23 14:47:50.269771,https://www.ahnj.com/ahnj/Agendas/Archives/2008/,2026-09-23 14:47:50.269771,200,"""244a1-452c71b219d80""","Thu, 24 Jul 2008 15:56:54 GMT"
d4e814647ff9527409d9db2023875acd810fff6f67b5efa83345e3c41a749c0f,ahnj,Borough of Atlantic Highlands,agenda,,"May 08, Regular Meeting Agenda (pdf)",https://www.ahnj.com/ahnj/Agendas/Archives/2013/May%2008%2C%20Regular%20Meeting%20Agenda.pdf,28977,application/pdf,2026-09-23 14:50:28.49605,https://www.ahnj.com/ahnj/Agendas/Archives/2013/,2026-09-23 14:50:28.49605,200,"""7131-4dbd58da8a780""","Fri, 03 May 2013 19:42:38 GMT"
8f56d27083b2ee955d85b953ff472b722053d1b4866abb6eb37bebc368e510be,ahnj,Borough of Atlantic Highlands,minutes,,"May 08, Regular Meeting Minutes (pdf)",https://www.ahnj.com/ahnj/Agendas/Archives/2013/May%2008%2C%20Regular%20Meeting%20Minutes.pdf,58799,application/pdf,2026-09-23 14:50:27.380612,https://www.ahnj.com/ahnj/Agendas/Archives/2013/,2026-09-23 14:50:27.380612,200,"""e5af-4df1e56cb0040""","Fri, 14 Jun 2013 14:48:25 GMT"
4894a8621818481604cc11f5e723bc31a77d967fc5f8f1f749edeec0401563a4,ahnj,Borough of Atlantic Highlands,agenda,,May 09 - Regular Meeting Agenda (pdf),https://www.ahnj.com/ahnj/Agendas/Archives/2012/May%2009%20-%20Regular%20Meeting%20Agenda.pdf,54984,application/pdf,2026-09-23 14:49:51.845699,https://www.ahnj.com/ahnj/Agendas/Archives/2012/,2026-09-23 14:49:51.845699,200,"""d6c8-4bf378851a080""","Fri, 04 May 2012 15:25:38 GMT"
b8628d4ed2bd4783adbb724d975abe8c3ae274652278a77a95d6026c95d20eb0,ahnj,Borough of Atlantic Highlands,minutes,,"May 09, Regular Meeting Minutes (pdf)",https://www.ahnj.com/ahnj/Agendas/Archives/2007/May%2009%2C%20Regular%20Meeting%20Minutes.pdf,1530720,application/pdf,2026-09-23 14:47:10.841338,https://www.ahnj.com/ahnj/Agendas/Archives/2007/,2026-09-23 14:47:10.841338,200,"""175b60-432f79dc3ac00""","Fri, 15 Jun 2007 20:23:12 GMT"
2ecb0da356d443767e9c7cc1ce84d3508274dc4cf86e1a503b42c6682f292c02,ahnj,Borough of Atlantic Highlands,minutes,,"May 10, Regular Meeting Minutes (pdf)",https://www.ahnj.com/ahnj/Agendas/Archives/2006/May%2010%2C%20Regular%20Meeting%20Minutes.pdf,1609651,application/pdf,2026-09-23 14:46:29.961626,https://www.ahnj.com/ahnj/Agendas/Archives/2006/,2026-09-23 14:46:29.961626,200,"""188fb3-414b215e66ec0""","Fri, 26 May 2006 14:50:11 GMT"
38d3c2496a0dde57bc6ebc114691e1aac504a46b87199e1b1f9eaa2cc14335cc,ahnj,Borough of Atlantic Highlands,agenda,,"May 11, Regular Meeting Agenda (pdf)",https://www.ahnj.com/ahnj/Agendas/Archives/2011/May%2011%2C%20Regular%20Meeting%20Agenda.pdf,54057,application/pdf,2026-09-23 14:49:05.530349,https://www.ahnj.com/ahnj/Agendas/Archives/2011/,2026-09-23 14:49:05.530349,200,"""d329-4a2a0023f1bc0""","Fri, 06 May 2011 18:53:43 GMT"
0c892b99392ddba132fed178cce850a7edb989c3ac224d37b3599b39fa799c3d,ahnj,Borough of Atlantic Highlands,minutes,,"May 11, Regular Meeting Minutes (pdf)",https://www.ahnj.com/ahnj/Agendas/Archives/2011/May%2011%2C%20Regular%20Meeting%20Minutes.pdf,111920,application/pdf,2026-09-23 14:49:04.389102,https://www.ahnj.com/ahnj/Agendas/Archives/2011/,2026-09-23 14:49:04.389102,200,"""1b530-4a5482877a280""","Thu, 09 Jun 2011 14:20:42 GMT"
c71d7f84529e87176b8aefd475ddbd25622fd04a71a444a263d0766a36927a73,ahnj,Borough of Atlantic Highlands,minutes,,"May 13, Regular Meeting Minutes (pdf)",https://www.ahnj.com/ahnj/Agendas/Archives/2009/May%2013%2C%20Regular%20Meeting%20Minutes.pdf,2711493,application/pdf,2026-09-23 14:48:14.28731,https://www.ahnj.com/ahnj/Agendas/Archives/2009/,2026-09-23 14:48:14.28731,200,"""295fc5-46e204b68a280""","Tue, 07 Jul 2009 16:41:30 GMT"
ab4a28d66e099907f813c3456bf29821c163fdfce1a3e4672c1f38d7fec652ce,ahnj,Borough of Atlantic Highlands,minutes,,"May 14, Workshop Meeting Minutes (pdf)",https://www.ahnj.com/ahnj/Agendas/Archives/2008/May%2014%2C%20Workshop%20Meeting%20Minutes.pdf,1017121,application/pdf,2026-09-23 14:47:48.807545,https://www.ahnj.com/ahnj/Agendas/Archives/2008/,2026-09-23 14:47:48.807545,200,"""f8521-44e77f5a2bb00""","Fri, 30 May 2008 19:50:36 GMT"
85c62aa7b960bb3c8bc8d76f470b5a80e21d0c38d452e27a9a90ede2136de8f0,ahnj,Borough of Atlantic Highlands,agenda,,"May 22, Regular Meeting Agenda (pdf)",https://www.ahnj.com/ahnj/Agendas/Archives/2013/May%2022%2C%20Regular%20Meeting%20Agenda.pdf,29546,application/pdf,2026-09-23 14:50:26.260141,https://www.ahnj.com/ahnj/Agendas/Archives/2013/,2026-09-23 14:50:26.260141,200,"""736a-4dcefb98a84c0""","Fri, 17 May 2013 20:21:15 GMT"
2cba0891f70ca796f423abbc8bc3022215a72fe50fa9ca874536febda9a4418c,ahnj,Borough of Atlantic Highlands,minutes,,"May 22, Regular Meeting Minutes (pdf)",https://www.ahnj.com/ahnj/Agendas/Archives/2013/May%2022%2C%20Regular%20Meeting%20Minutes.pdf,47291,application/pdf,2026-09-23 14:50:25.137223,https://www.ahnj.com/ahnj/Agendas/Archives/2013/,2026-09-23 14:50:25.137223,200,"""b8bb-4df1e56cb0040""","Fri, 14 Jun 2013 14:48:25 GMT"
8952ea641b2ff7c810553a015aad75a81d61c1e94893b3076b86bc33909df808,ahnj,Borough of Atlantic Highlands,minutes,,"May 23, Regular Meeting Minutes (pdf)",https://www.ahnj.com/ahnj/Agendas/Archives/2007/May%2023%2C%20Regular%20Meeting%20Minutes.pdf,1409242,application/pdf,2026-09-23 14:47:09.227318,https://www.ahnj.com/ahnj/Agendas/Archives/2007/,2026-09-23 14:47:09.227318,200,"""1580da-432f79dc3ac00""","Fri, 15 Jun 2007 20:23:12 GMT"
e9cb965e049409870588cfc4edbe1bb1aa863ea05f386537752c7bb1f177c01f,ahnj,Borough of Atlantic Highlands,minutes,,"May 24, Regular Meeting Minutes (pdf)",https://www.ahnj.com/ahnj/Agendas/Archives/2006/May%2024%2C%20Regular%20Meeting%20Minutes.pdf,91041,application/pdf,2026-09-23 14:46:28.828001,https://www.ahnj.com/ahnj/Agendas/Archives/2006/,2026-09-23 14:46:28.828001,200,"""163a1-416439ccad100""","Thu, 15 Jun 2006 13:52:36 GMT"
1c7eac1d86c5b9c036cae86ecf02e6d3dff805f6b0edafd70f35c52f286c8c86,ahnj,Borough of Atlantic Highlands,agenda,,"May 25, Regular Meeting Agenda (pdf)",https://www.ahnj.com/ahnj/Agendas/Archives/2011/May%2025%2C%20Regular%20Meeting%20Agenda.pdf,54837,application/pdf,2026-09-23 14:49:03.262113,https://www.ahnj.com/ahnj/Agendas/Archives/2011/,2026-09-23 14:49:03.262113,200,"""d635-4a3b4b4868c40""","Fri, 20 May 2011 13:00:25 GMT"
d02aa0494ba233116373810ac48fce28215ee78a556ad48e8a7f981d6effc1eb,ahnj,Borough of Atlantic Highlands,minutes,,"May 25, Regular Meeting Minutes (pdf)",https://www.ahnj.com/ahnj/Agendas/Archives/2011/May%2025%2C%20Regular%20Meeting%20Minutes.pdf,222940,application/pdf,2026-09-23 14:49:02.075467,https://www.ahnj.com/ahnj/Agendas/Archives/2011/,2026-09-23 14:49:02.075467,200,"""366dc-4a807d9ca64c0""","Thu, 14 Jul 2011 13:52:59 GMT"
f8f1e37f17c00f4913bea75d8bc1c0b7118983d2d24d77a8baec77c85bcf1c4d,ahnj,Borough of Atlantic Highlands,minutes,,"May 27, Regular Meeting Minutes (pdf)",https://www.ahnj.com/ahnj/Agendas/Archives/2009/May%2027%2C%20Regular%20Meeting%20Minutes.pdf,1078640,application/pdf,2026-09-23 14:48:12.807427,https://www.ahnj.com/ahnj/Agendas/Archives/2009/,2026-09-23 14:48:12.807427,200,"""107570-46e204b68a280""","Tue, 07 Jul 2009 16:41:30 GMT"
97cc6a9241b827e8c3d9c46e2c2a1f7f807c6c71ffc2b69652ffa523ba3de581,ahnj,Borough of Atlantic Highlands,minutes,,"May 28, Regular Meeting Minutes (pdf)",https://www.ahnj.com/ahnj/Agendas/Archives/2008/May%2028%2C%20Regular%20Meeting%20Minutes.pdf,376362,application/pdf,2026-09-23 14:47:47.58354,https://www.ahnj.com/ahnj/Agendas/Archives/2008/,2026-09-23 14:47:47.58354,200,"""5be2a-4532b84b50e80""","Tue, 29 Jul 2008 15:44:42 GMT"
3048124a069988bb14781ec0179372910509ca6e6d1b1ccff8ee6abb14c088a1,ahnj,Borough of Atlantic Highlands,agenda,,"May, 23, 2012 Regular Meeting Agenda (pdf)",https://www.ahnj.com/ahnj/Agendas/Archives/2012/May%2C%2023%2C%202012%20Regular%20Meeting%20Agenda.pdf,53664,application/pdf,2026-09-23 14:49:50.711734,https://www.ahnj.com/ahnj/Agendas/Archives/2012/,2026-09-23 14:49:50.711734,200,"""d1a0-4c053e134e000""","Fri, 18 May 2012 18:40:00 GMT"
7f2aeae63cbf4898c88088abea78c405f62be41a3082da33f4e882e7fb740e44,ahnj,Borough of Atlantic Highlands,minutes,,"May, 23, 2012 Regular Meeting Minutes (pdf)",https://www.ahnj.com/ahnj/Agendas/Archives/2012/May%2C%2023%2C%202012%20Regular%20Meeting%20Minutes.pdf,112340,application/pdf,2026-09-23 14:49:49.569195,https://www.ahnj.com/ahnj/Agendas/Archives/2012/,2026-09-23 14:49:49.569195,200,"""1b6d4-4c26f4c0e3300""","Thu, 14 Jun 2012 14:13:00 GMT"
d8d5ef9c1a0f287d1a40fd33f0fc9356287045b1486c443205808b610604e540,ahnj,Borough of Atlantic Highlands,minutes,,"November 08, Regular Meeting Minutes (pdf)",https://www.ahnj.com/ahnj/Agendas/Archives/2006/November%2008%2C%20Regular%20Meeting%20Minutes.pdf,739595,application/pdf,2026-09-23 14:46:13.048747,https://www.ahnj.com/ahnj/Agendas/Archives/2006/,2026-09-23 14:46:13.048747,200,"""b490b-4238cde5ef000""","Fri, 01 Dec 2006 15:44:00 GMT"
4407648332e378ab2310d9520a5ad7de885b75a387f9239bdab1a51451071df4,ahnj,Borough of Atlantic Highlands,agenda,,"November 09, Regular Meeting Agenda (pdf)",https://www.ahnj.com/ahnj/Agendas/Archives/2011/November%2009%2C%20Regular%20Meeting%20Agenda.pdf,55620,application/pdf,2026-09-23 14:48:39.364161,https://www.ahnj.com/ahnj/Agendas/Archives/2011/,2026-09-23 14:48:39.364161,200,"""d944-4b0ff631f7e40""","Sat, 05 Nov 2011 16:33:53 GMT"
992baa57a3aba954ab6d93d44460c4513f0b962296e495bfcad2bbef4ed9ef46,ahnj,Borough of Atlantic Highlands,minutes,,"November 16, Regular Meeting Minutes (pdf)",https://www.ahnj.com/ahnj/Agendas/Archives/2009/November%2016%2C%20Regular%20Meeting%20Minutes.pdf,107030,application/pdf,2026-09-23 14:48:06.988352,https://www.ahnj.com/ahnj/Agendas/Archives/2009/,2026-09-23 14:48:06.988352,200,"""1a216-47c82cc98c7c0""","Wed, 06 Jan 2010 18:05:27 GMT"
efee3af3b083e6aa24f86eb3001425557771605842e2629d933af63003b08317,ahnj,Borough of Atlantic Highlands,minutes,,"November 26, Regular Meeting Minutes (pdf)",https://www.ahnj.com/ahnj/Agendas/Archives/2008/November%2026%2C%20Regular%20Meeting%20Minutes.pdf,769406,application/pdf,2026-09-23 14:47:30.519547,https://www.ahnj.com/ahnj/Agendas/Archives/2008/,2026-09-23 14:47:30.519547,200,"""bbd7e-45fd0f0c32600""","Tue, 06 Jan 2009 14:08:24 GMT"
0e87dc1ef4479969ac26c16e2e36d36446796eed02de56213476cbb008a9b95d,ahnj,Borough of Atlantic Highlands,agenda,,"November 29, Regular Meeting Agenda (pdf)",https://www.ahnj.com/ahnj/Agendas/Archives/2006/November%2029%2C%20Regular%20Meeting%20Agenda.pdf,83579,application/pdf,2026-09-23 14:46:11.912803,https://www.ahnj.com/ahnj/Agendas/Archives/2006/,2026-09-23 14:46:11.912803,200,"""1467b-422c6c1e93dc0""","Tue, 21 Nov 2006 19:22:39 GMT"
01b3dbc19fa66bc17fba2cb19407d494c7e08418aff21e75f2f954cf8a0ad4bc,ahnj,Borough of Atlantic Highlands,agenda,,November 30 - Regular Meeting Agenda (pdf),https://www.ahnj.com/ahnj/Agendas/Archives/2011/November%2030%20-%20Regular%20Meeting%20Agenda.pdf,62169,application/pdf,2026-09-23 14:48:38.229798,https://www.ahnj.com/ahnj/Agendas/Archives/2011/,2026-09-23 14:48:38.229798,200,"""f2d9-4b2cee9c74380""","Mon, 28 Nov 2011 17:34:22 GMT"
2525a69a0b4feeac5e5db4c64ed98f2a981d8887364c1b35ae91d4387e526bc9,ahnj,Borough of Atlantic Highlands,minutes,,November 30 - Regular Meeting Minutes (pdf),https://www.ahnj.com/ahnj/Agendas/Archives/2011/November%2030%20-%20Regular%20Meeting%20Minutes.pdf,124823,application/pdf,2026-09-23 14:48:35.66488,https://www.ahnj.com/ahnj/Agendas/Archives/2011/,2026-09-23 14:48:35.66488,200,"""1e797-4b4c2fc285780""","Fri, 23 Dec 2011 14:10:54 GMT"
f36e03213d71c518c215b6de55f6d5c5942f2700d2206a36643da4451587641d,ahnj,Borough of Atlantic Highlands,minutes,,"October 08, Workshop Meeting Minutes (pdf)",https://www.ahnj.com/ahnj/Agendas/Archives/2008/October%2008%2C%20Workshop%20Meeting%20Minutes.pdf,944047,application/pdf,2026-09-23 14:47:33.296243,https://www.ahnj.com/ahnj/Agendas/Archives/2008/,2026-09-23 14:47:33.296243,200,"""e67af-45babb9b49f00""","Fri, 14 Nov 2008 20:03:40 GMT"
2dd014572b1d6da444028de8687af473ec17e6e1ae95ad80d467333116bdf1c7,ahnj,Borough of Atlantic Highlands,agenda,,"October 10, Regular Meeting Agenda (pdf)",https://www.ahnj.com/ahnj/Agendas/Archives/2012/October%2010%2C%20Regular%20Meeting%20Agenda.pdf,84583,application/pdf,2026-09-23 14:49:32.08301,https://www.ahnj.com/ahnj/Agendas/Archives/2012/,2026-09-23 14:49:32.08301,200,"""14a67-4cb526808b300""","Fri, 05 Oct 2012 16:31:40 GMT"
2549026b6c85f2c27a704a450bb9e2368aa60607dbf27968e2f720d2c9f3aa80,ahnj,Borough of Atlantic Highlands,minutes,,"October 10, Regular Meeting Minutes (pdf)",https://www.ahnj.com/ahnj/Agendas/Archives/2007/October%2010%2C%20Regular%20Meeting%20Minutes.pdf,1757019,application/pdf,2026-09-23 14:46:51.538894,https://www.ahnj.com/ahnj/Agendas/Archives/2007/,2026-09-23 14:46:51.538894,200,"""1acf5b-43f4bf5fdf140""","Mon, 19 Nov 2007 18:03:09 GMT"
727dfab9e84e715e3d5f7722bea75442f607468fe2baa072825911e3c43d5c24,ahnj,Borough of Atlantic Highlands,minutes,,"October 10, Regular Meeting Minutes (pdf)",https://www.ahnj.com/ahnj/Agendas/Archives/2012/October%2010%2C%20Regular%20Meeting%20Minutes.pdf,108936,application/pdf,2026-09-23 14:49:30.940125,https://www.ahnj.com/ahnj/Agendas/Archives/2012/,2026-09-23 14:49:30.940125,200,"""1a988-4cce7ea676940""","Thu, 25 Oct 2012 20:19:09 GMT"
b25beac6aea8f0d1f0270a3d3a392bbbdb92f7d432eba349a971b848849a8e2a,ahnj,Borough of Atlantic Highlands,minutes,,"October 11, Regular Meeting Minutes (pdf)",https://www.ahnj.com/ahnj/Agendas/Archives/2006/October%2011%2C%20Regular%20Meeting%20Minutes.pdf,1164407,application/pdf,2026-09-23 14:46:15.560324,https://www.ahnj.com/ahnj/Agendas/Archives/2006/,2026-09-23 14:46:15.560324,200,"""11c477-420b793f12100""","Thu, 26 Oct 2006 14:25:40 GMT"
9d4ff6245b7c9f37f566149f6a99c3d005f471e662c329e1c39203af80ff8d55,ahnj,Borough of Atlantic Highlands,agenda,,"October 12, Regular Meeting Agenda (pdf)",https://www.ahnj.com/ahnj/Agendas/Archives/2011/October%2012%2C%20Regular%20Meeting%20Agenda.pdf,60081,application/pdf,2026-09-23 14:48:43.896473,https://www.ahnj.com/ahnj/Agendas/Archives/2011/,2026-09-23 14:48:43.896473,200,"""eab1-4aeb91d80b680""","Fri, 07 Oct 2011 17:53:14 GMT"
0fc69125fd6e4cfeebb52b8be30f4e22d2bcdf23e0caf1dc55355f82142ab994,ahnj,Borough of Atlantic Highlands,minutes,,"October 12, Regular Meeting Minutes (pdf)",https://www.ahnj.com/ahnj/Agendas/Archives/2011/October%2012%2C%20Regular%20Meeting%20Minutes.pdf,147780,application/pdf,2026-09-23 14:48:42.750027,https://www.ahnj.com/ahnj/Agendas/Archives/2011/,2026-09-23 14:48:42.750027,200,"""24144-4b09833000700""","Mon, 31 Oct 2011 13:27:24 GMT"
9b6ac5a0bd23105172b97a1f812ef93feb07f639606b7f080ea0f470eb875435,ahnj,Borough of Atlantic Highlands,agenda,,"October 14, Regular Meeting Agenda (pdf)",https://www.ahnj.com/ahnj/Agendas/Archives/2009/October%2014%2C%20Regular%20Meeting%20Agenda.pdf,57387,application/pdf,2026-09-23 14:48:09.278292,https://www.ahnj.com/ahnj/Agendas/Archives/2009/,2026-09-23 14:48:09.278292,200,"""e02b-47584ef31e500""","Fri, 09 Oct 2009 18:41:56 GMT"
8dce125fc8819812d0bcdc2cc7849bbd9639cf0382f581476c9d7e93eb489059,ahnj,Borough of Atlantic Highlands,minutes,,"October 22, Regular Meeting Minutes (pdf)",https://www.ahnj.com/ahnj/Agendas/Archives/2008/October%2022%2C%20Regular%20Meeting%20Minutes.pdf,835807,application/pdf,2026-09-23 14:47:31.89717,https://www.ahnj.com/ahnj/Agendas/Archives/2008/,2026-09-23 14:47:31.89717,200,"""cc0df-45babb9b49f00""","Fri, 14 Nov 2008 20:03:40 GMT"
7677f2a47e3f9e5ba2ae79c5286e1919d0bb61146c8a840e3e67a709a375ea1d,ahnj,Borough of Atlantic Highlands,agenda,,"October 24, Regular Meeting Agenda (pdf)",https://www.ahnj.com/ahnj/Agendas/Archives/2012/October%2024%2C%20Regular%20Meeting%20Agenda.pdf,35308,application/pdf,2026-09-23 14:49:29.816129,https://www.ahnj.com/ahnj/Agendas/Archives/2012/,2026-09-23 14:49:29.816129,200,"""89ec-4cc6e679305c0""","Fri, 19 Oct 2012 19:21:03 GMT"
6a7471f26b8ac7f73ab1d4d5311df8175ccc0225dadcc5244077e5a4101f3577,ahnj,Borough of Atlantic Highlands,minutes,,"October 24, Regular Meeting Minutes (pdf)",https://www.ahnj.com/ahnj/Agendas/Archives/2007/October%2024%2C%20Regular%20Meeting%20Minutes.pdf,1469243,application/pdf,2026-09-23 14:46:49.927745,https://www.ahnj.com/ahnj/Agendas/Archives/2007/,2026-09-23 14:46:49.927745,200,"""166b3b-43f4bf5fdf140""","Mon, 19 Nov 2007 18:03:09 GMT"
82998be24f4d6a5330f4318141c8109b4ae2430dcb86435421a81e8bd0f0ba7f,ahnj,Borough of Atlantic Highlands,minutes,,"October 25, Regular Meeting Minutes (pdf)",https://www.ahnj.com/ahnj/Agendas/Archives/2006/October%2025%2C%20%20Regular%20Meeting%20Minutes.pdf,122910,application/pdf,2026-09-23 14:46:14.407939,https://www.ahnj.com/ahnj/Agendas/Archives/2006/,2026-09-23 14:46:14.407939,200,"""1e01e-422c6c8e28500""","Tue, 21 Nov 2006 19:24:36 GMT"
18447f77943325f84a9f5134b03a15a2e91980c1d19a4815b1ce02b74a9ea9fc,ahnj,Borough of Atlantic Highlands,agenda,,"October 26, Regular Meeting Agenda (pdf)",https://www.ahnj.com/ahnj/Agendas/Archives/2011/October%2026%2C%20Regular%20Meeting%20Agenda.pdf,53857,application/pdf,2026-09-23 14:48:41.626097,https://www.ahnj.com/ahnj/Agendas/Archives/2011/,2026-09-23 14:48:41.626097,200,"""d261-4afd43069a4c0""","Fri, 21 Oct 2011 19:36:27 GMT"
d524f644988af94603a4263355e821d7dd15d734cc51eb4b162ed14417cc7af2,ahnj,Borough of Atlantic Highlands,minutes,,"October 26, Regular Meeting Minutes (pdf)",https://www.ahnj.com/ahnj/Agendas/Archives/2011/October%2026%2C%20Regular%20Meeting%20Minutes.pdf,119977,application/pdf,2026-09-23 14:48:40.486076,https://www.ahnj.com/ahnj/Agendas/Archives/2011/,2026-09-23 14:48:40.486076,200,"""1d4a9-4b2ceec482200""","Mon, 28 Nov 2011 17:35:04 GMT"
93a20193927a778738a9bc71e28d179de97252cc033007e8196edfe688db9e6f,ahnj,Borough of Atlantic Highlands,agenda,,"October 28, Regular Meeting Agenda (pdf)",https://www.ahnj.com/ahnj/Agendas/Archives/2009/October%2028%2C%20Regular%20Meeting%20Agenda.pdf,96649,application/pdf,2026-09-23 14:48:08.136253,https://www.ahnj.com/ahnj/Agendas/Archives/2009/,2026-09-23 14:48:08.136253,200,"""17989-4769af8bcb340""","Fri, 23 Oct 2009 14:24:37 GMT"
523a438ae866ac86a9e0ac3e90e201a7349273e7a5130f5ff4ab420b13c1bbbd,ahnj,Borough of Atlantic Highlands,other,,Ordinance 08-2012 - 3 Way Stop Street (pdf),https://www.ahnj.com/ahnj/Government/Government%20Records/Most%20Referenced%20Ordinances/Ordinance%2008-2012%20-%203%20Way%20Stop%20Street.pdf,115047,application/pdf,2026-09-23 14:43:17.270806,https://www.ahnj.com/ahnj/Government/Government%20Records/Most%20Referenced%20Ordinances/,2026-09-23 14:43:17.270806,200,"""1c167-4c5bda2395600""","Thu, 26 Jul 2012 15:56:08 GMT"
fb2fec151fad8092d1acb028f34d43e531cc27bed02386042c94238974a3c1d9,ahnj,Borough of Atlantic Highlands,other,,Ordinance 09-2012 - AH Purchasing Manual (pdf),https://www.ahnj.com/ahnj/Government/Government%20Records/Most%20Referenced%20Ordinances/Ordinance%2009-2012%20-%20AH%20Purchasing%20Manual.pdf,320597,application/pdf,2026-09-23 14:43:15.824483,https://www.ahnj.com/ahnj/Government/Government%20Records/Most%20Referenced%20Ordinances/,2026-09-23 14:43:15.824483,200,"""4e455-4c9970c647f00""","Thu, 13 Sep 2012 15:34:52 GMT"
d3548cb698eeb01c8eed076834e699336481b30d42b2c154a3687a3be0857398,ahnj,Borough of Atlantic Highlands,bid,,RFP Borough Labor Attorney - 1-7-2022 (pdf),https://www.ahnj.com/ahnj/Other%20Links/RFP%20Borough%20Labor%20Attorney%20-%201-7-2022.pdf,214566,application/pdf,2026-09-23 14:43:02.696913,https://www.ahnj.com/ahnj/Other%20Links/BIDS%20and%20RFPs/,2026-09-23 14:43:02.696913,200,"""34626-5d42239211800""","Mon, 27 Dec 2021 15:18:56 GMT"
a180718c483aacfa89c32b517cc76fc0d4184a3fb351ed141a84f68b7f713a34,ahnj,Borough of Atlantic Highlands,other,,Rent Control Ordinance (pdf),https://www.ahnj.com/ahnj/Government/Government%20Records/Most%20Referenced%20Ordinances/Rent%20Control%20Ordinance.pdf,1015454,application/pdf,2026-09-23 14:43:23.158968,https://www.ahnj.com/ahnj/Government/Government%20Records/Most%20Referenced%20Ordinances/,2026-09-23 14:43:23.158968,200,"""f7e9e-42a260736d340""","Fri, 23 Feb 2007 14:58:45 GMT"
f3c39dd6ad8139f9b11a250ca4d2d101c06b279c0edbfd0189fef22c2485ab1e,ahnj,Borough of Atlantic Highlands,budget,,SUPPLEMENTAL DEBT STATEMENT 6.24 (pdf),https://www.ahnj.com/ahnj/Departments/Finance%20Department/Financial%20Records/SUPPLEMENTAL%20DEBT%20STATEMENT%206.24.pdf,126012,application/pdf,2026-09-23 14:44:25.451137,https://www.ahnj.com/ahnj/Departments/Finance%20Department/Financial%20Records/,2026-09-23 14:44:25.451137,200,"""1ec3c-61d62a04e5e24""","Tue, 16 Jul 2024 19:48:13 GMT"
e91dcd21c762017972db56dcc2ae673db3bde2bc1f69da9283e1d4f48365cf06,ahnj,Borough of Atlantic Highlands,minutes,,"September 09, Regular Meeting Minutes (pdf)",https://www.ahnj.com/ahnj/Agendas/Archives/2009/September%2009%2C%20Regular%20Meeting%20Minutes.pdf,488423,application/pdf,2026-09-23 14:48:11.536198,https://www.ahnj.com/ahnj/Agendas/Archives/2009/,2026-09-23 14:48:11.536198,200,"""773e7-474f941c5bf80""","Fri, 02 Oct 2009 20:03:26 GMT"
0cc7beb7ec6a325196058cac67cb09e82a0d71c3b54fa04c3813ee54506d4914,ahnj,Borough of Atlantic Highlands,minutes,,"September 10, Workshop Meeting Minutes (pdf)",https://www.ahnj.com/ahnj/Agendas/Archives/2008/September%2010%2C%20%20Workshop%20Meeting%20Minutes.pdf,1090870,application/pdf,2026-09-23 14:47:36.20716,https://www.ahnj.com/ahnj/Agendas/Archives/2008/,2026-09-23 14:47:36.20716,200,"""10a536-45a51d2b87f40""","Tue, 28 Oct 2008 15:23:01 GMT"
d37e78f392f2cc2ac05808c74eda5b3e233015061b8f3816358ff206dd9b1e95,ahnj,Borough of Atlantic Highlands,agenda,,"September 12, Regular Meeting Agenda (pdf)",https://www.ahnj.com/ahnj/Agendas/Archives/2012/September%2012%2C%20Regular%20Meeting%20Agenda.pdf,54908,application/pdf,2026-09-23 14:49:36.644019,https://www.ahnj.com/ahnj/Agendas/Archives/2012/,2026-09-23 14:49:36.644019,200,"""d67c-4c91ed5cc9900""","Fri, 07 Sep 2012 16:09:40 GMT"
6db46cc04fdd1c72e141ba9432025f77a35d3acf67054fc813f713a2c193a89a,ahnj,Borough of Atlantic Highlands,minutes,,"September 12, Regular Meeting Minutes (pdf)",https://www.ahnj.com/ahnj/Agendas/Archives/2007/September%2012%2C%20Regular%20Meeting%20Minutes.pdf,3237811,application/pdf,2026-09-23 14:46:54.843354,https://www.ahnj.com/ahnj/Agendas/Archives/2007/,2026-09-23 14:46:54.843354,200,"""3167b3-43b6e7b7be0c0""","Mon, 01 Oct 2007 13:33:31 GMT"
dbf8e984059157d107c13b07ef5aacd4687de816016e9bf71ff3bd769b3f3ba1,ahnj,Borough of Atlantic Highlands,minutes,,"September 12, Regular Meeting Minutes (pdf)",https://www.ahnj.com/ahnj/Agendas/Archives/2012/September%2012%2C%20Regular%20Meeting%20Minutes.pdf,108446,application/pdf,2026-09-23 14:49:35.504046,https://www.ahnj.com/ahnj/Agendas/Archives/2012/,2026-09-23 14:49:35.504046,200,"""1a79e-4cab14d6f3b00""","Thu, 27 Sep 2012 16:19:24 GMT"
3fc0bac1bf1f8c224432c13909e2c1531a8b40a31d5a2150d738371af4ba3b33,ahnj,Borough of Atlantic Highlands,minutes,,"September 13, Regular Meeting Minutes (pdf)",https://www.ahnj.com/ahnj/Agendas/Archives/2006/September%2013%2C%20Regular%20Meeting%20Minutes.pdf,2624760,application/pdf,2026-09-23 14:46:19.543798,https://www.ahnj.com/ahnj/Agendas/Archives/2006/,2026-09-23 14:46:19.543798,200,"""280cf8-41e85383f5180""","Thu, 28 Sep 2006 15:30:30 GMT"
0eb22ffa52e3fde56c758e866c770f9e81264bc098d028a492f7b83f5f1718ca,ahnj,Borough of Atlantic Highlands,agenda,,"September 14, Regular Meeting Agenda (pdf)",https://www.ahnj.com/ahnj/Agendas/Archives/2011/September%2014%2C%20Regular%20Meeting%20Agenda.pdf,53928,application/pdf,2026-09-23 14:48:49.583852,https://www.ahnj.com/ahnj/Agendas/Archives/2011/,2026-09-23 14:48:49.583852,200,"""d2a8-4ac85ea936a40""","Fri, 09 Sep 2011 17:57:53 GMT"
a7f532c0e4202d893d758ed5f0106e0746363fb4cd4aca47d90935325a9c64ec,ahnj,Borough of Atlantic Highlands,minutes,,"September 14, Regular Meeting Minutes (pdf)",https://www.ahnj.com/ahnj/Agendas/Archives/2011/September%2014%2C%20%20Regular%20Meeting%20Minutes.pdf,131614,application/pdf,2026-09-23 14:48:48.438863,https://www.ahnj.com/ahnj/Agendas/Archives/2011/,2026-09-23 14:48:48.438863,200,"""2021e-4ae15ecf70300""","Thu, 29 Sep 2011 15:11:40 GMT"
ea9072302890b755795489888036079b195edfbb09dc286c1ddbd5e33feaf704,ahnj,Borough of Atlantic Highlands,minutes,,"September 20, Special Meeting [Meet & Greet]Minutes (pdf)",https://www.ahnj.com/ahnj/Agendas/Archives/2011/September%2020%2C%20Special%20Meeting%20%5BMeet%20%26%20Greet%5DMinutes.pdf,63458,application/pdf,2026-09-23 14:48:47.301358,https://www.ahnj.com/ahnj/Agendas/Archives/2011/,2026-09-23 14:48:47.301358,200,"""f7e2-4ae15ecf70300""","Thu, 29 Sep 2011 15:11:40 GMT"
3641633fdf5dd84da6c4ede9b6b2dfbff6c18476c7dd2e3aa277ebf69bff1cf6,ahnj,Borough of Atlantic Highlands,agenda,,"September 23, Regular Meeting Agenda (pdf)",https://www.ahnj.com/ahnj/Agendas/Archives/2009/September%2023%2C%20Regular%20Meeting%20Agenda.pdf,42725,application/pdf,2026-09-23 14:48:10.415487,https://www.ahnj.com/ahnj/Agendas/Archives/2009/,2026-09-23 14:48:10.415487,200,"""a6e5-473b619be8100""","Wed, 16 Sep 2009 18:31:00 GMT"
20ad84a67eb656c705a0a6c6eaaa7bc1abbd4537ae3486ca65b1b28af51df995,ahnj,Borough of Atlantic Highlands,minutes,,"September 24, Regular Meeting Minutes (pdf)",https://www.ahnj.com/ahnj/Agendas/Archives/2008/September%2024%2C%20Regular%20Meeting%20Minutes.pdf,1078380,application/pdf,2026-09-23 14:47:34.733107,https://www.ahnj.com/ahnj/Agendas/Archives/2008/,2026-09-23 14:47:34.733107,200,"""10746c-45a51d2b87f40""","Tue, 28 Oct 2008 15:23:01 GMT"
a54ca59c28d1fb4ac284971e9dcd530fd3c368370c3e816497d420b0265e339b,ahnj,Borough of Atlantic Highlands,agenda,,"September 26, Regular Meeting Agenda (pdf)",https://www.ahnj.com/ahnj/Agendas/Archives/2012/September%2026%2C%20Regular%20Meeting%20Agenda.pdf,35319,application/pdf,2026-09-23 14:49:34.383727,https://www.ahnj.com/ahnj/Agendas/Archives/2012/,2026-09-23 14:49:34.383727,200,"""89f7-4ca3d35d7e600""","Fri, 21 Sep 2012 21:49:12 GMT"
44842330722af287aa3eb2e3d9fed54707d0ede4f90f21839db651ad56efd35f,ahnj,Borough of Atlantic Highlands,minutes,,"September 26, Regular Meeting Minutes (pdf)",https://www.ahnj.com/ahnj/Agendas/Archives/2007/September%2026%2C%20Regular%20Meeting%20Minutes.pdf,1394315,application/pdf,2026-09-23 14:46:53.251452,https://www.ahnj.com/ahnj/Agendas/Archives/2007/,2026-09-23 14:46:53.251452,200,"""15468b-43c8c8c9c8ac0""","Mon, 15 Oct 2007 18:50:59 GMT"
ffdd0715e1e84b61b242fb3335f71320077c5db0014fbb42450b13274a2aa198,ahnj,Borough of Atlantic Highlands,minutes,,"September 26, Regular Meeting Minutes (pdf)",https://www.ahnj.com/ahnj/Agendas/Archives/2012/September%2026%2C%20Regular%20Meeting%20Minutes.pdf,107263,application/pdf,2026-09-23 14:49:33.235387,https://www.ahnj.com/ahnj/Agendas/Archives/2012/,2026-09-23 14:49:33.235387,200,"""1a2ff-4cbc920dc0dc0""","Thu, 11 Oct 2012 14:10:07 GMT"
afae064290cf1266bdceade20ace3fd43283eaaa941719c52ff73e004268f10e,ahnj,Borough of Atlantic Highlands,minutes,,"September 27, Regular Meeting Minutes (pdf)",https://www.ahnj.com/ahnj/Agendas/Archives/2006/September%2027%2C%20Regular%20Meeting%20Minutes.pdf,686643,application/pdf,2026-09-23 14:46:17.06683,https://www.ahnj.com/ahnj/Agendas/Archives/2006/,2026-09-23 14:46:17.06683,200,"""a7a33-420b793f12100""","Thu, 26 Oct 2006 14:25:40 GMT"
5a88d5e5c1a3490ce937e03e3102becfd87fca2b7ac396751f622107218d28fa,ahnj,Borough of Atlantic Highlands,agenda,,"September 28, Regular Meeting Agenda (pdf)",https://www.ahnj.com/ahnj/Agendas/Archives/2011/September%2028%2C%20Regular%20Meeting%20Agenda.pdf,54271,application/pdf,2026-09-23 14:48:46.18054,https://www.ahnj.com/ahnj/Agendas/Archives/2011/,2026-09-23 14:48:46.18054,200,"""d3ff-4ad9e7f5bc000""","Fri, 23 Sep 2011 16:42:40 GMT"
f7c30a80e0d6b584481bfe8f9027e73fb2e7a3a54441be5e3e58785b6af8083f,ahnj,Borough of Atlantic Highlands,minutes,,"September 28, Regular Meeting Minutes (pdf)",https://www.ahnj.com/ahnj/Agendas/Archives/2011/September%2028%2C%20Regular%20Meeting%20Minutes.pdf,107965,application/pdf,2026-09-23 14:48:45.022175,https://www.ahnj.com/ahnj/Agendas/Archives/2011/,2026-09-23 14:48:45.022175,200,"""1a5bd-4af45e676eb40""","Fri, 14 Oct 2011 17:51:01 GMT"
8ce9eb55f7472aae1b6a34747d9868255c57ca8a6b18d6b7398ed58afb9d355f,ahnj,Borough of Atlantic Highlands,other,,Steep Slope Ordinance (pdf),https://www.ahnj.com/ahnj/Government/Government%20Records/Most%20Referenced%20Ordinances/Steep%20Slope%20Ordinance.pdf,299018,application/pdf,2026-09-23 14:43:27.493754,https://www.ahnj.com/ahnj/Government/Government%20Records/Most%20Referenced%20Ordinances/,2026-09-23 14:43:27.493754,200,"""4900a-41ed5436e1dc0""","Mon, 02 Oct 2006 15:00:15 GMT"
3abf436905383763f579ca826fa07359e1d0e7fd826e944b6c182483a379f5c5,ahnj,Borough of Atlantic Highlands,other,,Stormwater Management Ordinance (pdf),https://www.ahnj.com/ahnj/Government/Government%20Records/Most%20Referenced%20Ordinances/Stormwater%20Management%20Ordinance.pdf,219089,application/pdf,2026-09-23 14:43:26.314979,https://www.ahnj.com/ahnj/Government/Government%20Records/Most%20Referenced%20Ordinances/,2026-09-23 14:43:26.314979,200,"""357d1-443d647697ac0""","Wed, 16 Jan 2008 12:45:07 GMT"
3b52094134f0cf3fe834ca3bee491f8b14e93a0ec10767ae22fa2a92a2228f3a,ahnj,Borough of Atlantic Highlands,other,,Stormwater Management Plan (pdf),https://www.ahnj.com/ahnj/Government/Government%20Records/Most%20Referenced%20Ordinances/Stormwater%20Management%20Plan.pdf,22108169,application/pdf,2026-09-23 14:43:24.633522,https://www.ahnj.com/ahnj/Government/Government%20Records/Most%20Referenced%20Ordinances/,2026-09-23 14:43:24.633522,200,"""1515809-443d64787ff40""","Wed, 16 Jan 2008 12:45:09 GMT"
fba99ceafb98c49ce4ebf60fd2fe66f30fe98994dc661a8c3f5882e88a4bed4c,hhrsd_boe,Henry Hudson Regional School District,agenda,2023-07-19,"July 19, 2023 Regular BOE Meeting Agenda",https://4.files.edl.io/bebf/07/11/24/173805-c63e3d44-929b-459b-9d24-614b65a729dd.pdf,205308,application/pdf,2026-09-23 14:22:52.172366,https://www.tridistrict.org/apps/pages/index.jsp?uREC_ID=3733528&type=d&pREC_ID=2593280,2026-09-23 14:22:52.172366,200,"""b48336916cec580c4ff2097d53f06390""","Thu, 11 Jul 2024 17:38:06 GMT"
a0f44fc86d3d1cbb98311ec3a78ee8947afc2d26316746f14fa53b18d2b08e31,hhrsd_boe,Henry Hudson Regional School District,minutes,2023-07-19,"July 19, 2023 Regular BOE Meeting Minutes",https://4.files.edl.io/7fff/07/11/24/174549-d72877ee-43e3-4ee7-a404-cb1328b3f2e0.pdf,212890,application/pdf,2026-09-23 14:23:16.819586,https://www.tridistrict.org/apps/pages/index.jsp?uREC_ID=3733528&type=d&pREC_ID=2593280,2026-09-23 14:23:16.819586,200,"""00c9491b1e45799c226907495a4f046c""","Thu, 11 Jul 2024 17:45:50 GMT"
baa61e7e26b7eaa97645cb5d0182b8fbb5ae721390848fe4e3ee10b311d562fc,hhrsd_boe,Henry Hudson Regional School District,minutes,2023-07-26,"July 26, 2023 HHRS Special Tri-District BOE Meeting Minutes",https://4.files.edl.io/eb46/08/26/24/185433-b19771eb-95a6-4aec-a4d8-83c12851a0df.pdf,184475,application/pdf,2026-09-23 14:23:18.348071,https://www.tridistrict.org/apps/pages/index.jsp?uREC_ID=3733528&type=d&pREC_ID=2593280,2026-09-23 14:23:18.348071,200,"""8708c37885614346a96f261932565437""","Mon, 26 Aug 2024 18:54:34 GMT"
71004093bf24a4083a4fef1b5244e826c1e586c0bd9374afd597028ba726ce37,hhrsd_boe,Henry Hudson Regional School District,agenda,2023-07-26,"July 26, 2023 Special Tri-District BOE Meeting Agenda",https://4.files.edl.io/f57f/07/11/24/173806-e466f651-45b2-48d4-bab4-abaa8ebe84c4.pdf,165701,application/pdf,2026-09-23 14:22:53.733007,https://www.tridistrict.org/apps/pages/index.jsp?uREC_ID=3733528&type=d&pREC_ID=2593280,2026-09-23 14:22:53.733007,200,"""1fb879c4c2278faf7093feab6c4e8de8""","Thu, 11 Jul 2024 17:38:07 GMT"
7ad6139837aadfac610412d590b9aa5b719e768a88b49258273f8780fb9b58f2,hhrsd_boe,Henry Hudson Regional School District,minutes,2023-08-23,"August 23, 2023 HHRS Regular BOE Meeting Minutes",https://4.files.edl.io/e6e6/08/26/24/185437-63ef7e8c-2c60-48e6-939c-ac9a93568199.pdf,222487,application/pdf,2026-09-23 14:23:19.817538,https://www.tridistrict.org/apps/pages/index.jsp?uREC_ID=3733528&type=d&pREC_ID=2593280,2026-09-23 14:23:19.817538,200,"""438abb02e6fe2433d9a94578f3031120""","Mon, 26 Aug 2024 18:54:38 GMT"
1c1bf59ce749a30039405ef9d176b5e71d7ee96d1193398946d07779eaa8a1c5,hhrsd_boe,Henry Hudson Regional School District,agenda,2023-08-23,"August 23, 2023 Regular BOE Meeting Agenda",https://4.files.edl.io/4195/07/11/24/173805-a75c3f45-0b1a-4a38-8170-d31cc30b69f1.pdf,216223,application/pdf,2026-09-23 14:22:55.287186,https://www.tridistrict.org/apps/pages/index.jsp?uREC_ID=3733528&type=d&pREC_ID=2593280,2026-09-23 14:22:55.287186,200,"""a0d8bd53ddab921fc0e6e81734ab6ac8""","Thu, 11 Jul 2024 17:38:06 GMT"
ac665abdf2dfe87fd9ef0bde2a848e099d550b910244c9ba13746a9d0820aff4,hhrsd_boe,Henry Hudson Regional School District,agenda,2023-09-20,"September 20, 2023 Regular BOE Meeting Agenda",https://4.files.edl.io/5a4b/07/11/24/173805-969457ed-d5d9-44e4-b1a6-ccbbc0c85bcf.pdf,194828,application/pdf,2026-09-23 14:22:56.891737,https://www.tridistrict.org/apps/pages/index.jsp?uREC_ID=3733528&type=d&pREC_ID=2593280,2026-09-23 14:22:56.891737,200,"""8f09b9c944465fdc0603e37999597e5e""","Thu, 11 Jul 2024 17:38:06 GMT"
4c34eb5964876aa324ec893e9f2e8a55d28b99f4ac64f9d44a41b2395dd67a29,hhrsd_boe,Henry Hudson Regional School District,minutes,2023-09-20,"September 20, 2023 Regular BOE Meeting Minutes",https://4.files.edl.io/cad2/08/26/24/185419-654268b7-ec93-462f-b0ea-dd29fa43739c.pdf,204941,application/pdf,2026-09-23 14:23:21.331621,https://www.tridistrict.org/apps/pages/index.jsp?uREC_ID=3733528&type=d&pREC_ID=2593280,2026-09-23 14:23:21.331621,200,"""ea2639f09ea3b02895bee58f39b9977c""","Mon, 26 Aug 2024 18:54:20 GMT"
c23f99c38fb4e67da1579f9ff95f66b063b2238c01e90ce50807a4910fcda115,hhrsd_boe,Henry Hudson Regional School District,minutes,2023-10-03,"October 03, 2023 Special BOE Meeting Minutes",https://4.files.edl.io/e8b2/07/11/24/174549-329895d4-ea89-47a2-804a-b8d90ac6b85c.pdf,231760,application/pdf,2026-09-23 14:23:22.879832,https://www.tridistrict.org/apps/pages/index.jsp?uREC_ID=3733528&type=d&pREC_ID=2593280,2026-09-23 14:23:22.879832,200,"""0585d08b98a0ea617e172ac6101243e8""","Thu, 11 Jul 2024 17:45:50 GMT"
f6f5a158c321bdf4a32aab2ab82620daca9777a394226625607374ca1a743d97,hhrsd_boe,Henry Hudson Regional School District,minutes,2023-10-18,"October 18, 2023 HHRS Regular BOE Meeting Minutes",https://4.files.edl.io/cb7c/08/26/24/185429-9cbe2703-9fec-4d42-8651-dde321b213b9.pdf,242026,application/pdf,2026-09-23 14:23:24.419236,https://www.tridistrict.org/apps/pages/index.jsp?uREC_ID=3733528&type=d&pREC_ID=2593280,2026-09-23 14:23:24.419236,200,"""751e79e39008af7c24a001b4c2d651c8""","Mon, 26 Aug 2024 18:54:30 GMT"
e3207929eb532aa4c253184f12e6c0dc19c411e087744a152e862e6cff989824,hhrsd_boe,Henry Hudson Regional School District,agenda,2023-10-18,"October 18, 2023 Regular BOE Meeting Agenda",https://4.files.edl.io/ab10/07/11/24/173806-4c4e7359-c6b7-4f69-a1a7-e895bbf3e444.pdf,216195,application/pdf,2026-09-23 14:22:59.923056,https://www.tridistrict.org/apps/pages/index.jsp?uREC_ID=3733528&type=d&pREC_ID=2593280,2026-09-23 14:22:59.923056,200,"""cbaef9aef8f344760f61ff6c8b1b5c45""","Thu, 11 Jul 2024 17:38:07 GMT"
578bbc14d9c6feb25733d5d6f1eac366f79d3a18fcc869d2c5b6ec82cd69c995,hhrsd_boe,Henry Hudson Regional School District,agenda,2023-11-15,"November 15, 2023 Regular BOE Meeting Agenda",https://4.files.edl.io/8fc9/07/11/24/173806-a86c6f3a-f213-458c-b3da-949632f83ba6.pdf,229170,application/pdf,2026-09-23 14:23:03.028903,https://www.tridistrict.org/apps/pages/index.jsp?uREC_ID=3733528&type=d&pREC_ID=2593280,2026-09-23 14:23:03.028903,200,"""6fe24a7d2ec99f11e89bdfe87242c293""","Thu, 11 Jul 2024 17:38:07 GMT"
17821f69b2993ebf4ce907d954239c26621e4400c135daea72bda039ec825e5b,hhrsd_boe,Henry Hudson Regional School District,minutes,2023-11-15,"November 15, 2023 Regular BOE Meeting Minutes",https://4.files.edl.io/6479/08/26/24/185435-2efdc3c6-0d15-4485-b5ec-3078e2c24cf3.pdf,249586,application/pdf,2026-09-23 14:23:25.979482,https://www.tridistrict.org/apps/pages/index.jsp?uREC_ID=3733528&type=d&pREC_ID=2593280,2026-09-23 14:23:25.979482,200,"""1a35675c4571f3e5fd68d4bb0f197fc7""","Mon, 26 Aug 2024 18:54:36 GMT"
3d82d976d2c6f7275537f7934ca7ed59f476caf3c95ad6b06889d10b52521908,hhrsd_boe,Henry Hudson Regional School District,agenda,2023-12-20,"December 20, 2023 Regular BOE Meeting Agenda",https://4.files.edl.io/cb96/07/11/24/173806-87b34fc5-e98e-4afa-bb84-a93be0c37c89.pdf,217686,application/pdf,2026-09-23 14:23:01.477443,https://www.tridistrict.org/apps/pages/index.jsp?uREC_ID=3733528&type=d&pREC_ID=2593280,2026-09-23 14:23:01.477443,200,"""4cdb53dae1daa0d43a6880dbbe275871""","Thu, 11 Jul 2024 17:38:07 GMT"
1dfdda57d3691e6fd5bdd71b72a97c7daa9a8d492ebfdec04bb91f861e9ca1c3,hhrsd_boe,Henry Hudson Regional School District,other,2023-12-20,"December 20, 2023 Regular BOE Meeting Minues",https://4.files.edl.io/5324/08/26/24/185440-09341edc-94bd-4709-a844-6ce1f22cd79d.pdf,229383,application/pdf,2026-09-23 14:23:27.555815,https://www.tridistrict.org/apps/pages/index.jsp?uREC_ID=3733528&type=d&pREC_ID=2593280,2026-09-23 14:23:27.555815,200,"""a7589a2e11519b86513ccfedea6638b3""","Mon, 26 Aug 2024 18:54:41 GMT"
7dfd83e5cb8a4fcb1f342ec2225c51064424930ad980fb42db21155e79d48745,hhrsd_boe,Henry Hudson Regional School District,agenda,2024-01-04,"January 4, 2024 First Organization Meeting Agenda",https://4.files.edl.io/6df7/07/03/24/112703-161782f7-d672-499e-b411-6ec8215fce74.pdf,184390,application/pdf,2026-09-23 14:22:29.894153,https://www.tridistrict.org/apps/pages/index.jsp?uREC_ID=3733528&type=d&pREC_ID=2593280,2026-09-23 14:22:29.894153,200,"""e18c528f276eab302c3346e51c5ebdb3""","Wed, 03 Jul 2024 11:27:04 GMT"
6223efd42719a4a6952b8c7239f0db9299def46065927ccd32b80acf7ddeb12d,hhrsd_boe,Henry Hudson Regional School District,minutes,2024-01-04,"January 4, 2024 HH PK-12 SD First Organization Meeting Minutes",https://4.files.edl.io/2a8e/08/26/24/185000-c0fc93c1-1867-4e5d-821c-1ab552fe9d44.pdf,188017,application/pdf,2026-09-23 14:22:41.666121,https://www.tridistrict.org/apps/pages/index.jsp?uREC_ID=3733528&type=d&pREC_ID=2593280,2026-09-23 14:22:41.666121,200,"""ba5b9dfa2afcd6591298859eab943108""","Mon, 26 Aug 2024 18:50:01 GMT"
afbb5613ad70a80eedeb4fc247c610e198bbc429986953034d0a5be9f8d418a7,hhrsd_boe,Henry Hudson Regional School District,agenda,2024-01-04,"January 4, 2024 Reorganization Meeting Agenda",https://4.files.edl.io/a958/07/11/24/174448-44105e74-1ca4-46ce-bdab-c4f2cce87a78.pdf,120157,application/pdf,2026-09-23 14:23:04.541113,https://www.tridistrict.org/apps/pages/index.jsp?uREC_ID=3733528&type=d&pREC_ID=2593280,2026-09-23 14:23:04.541113,200,"""740ce08e8e0cb2d6dab652608461322b""","Thu, 11 Jul 2024 17:44:49 GMT"
c1d8ffc61ab31033e543c73cfe1e812080050be3fcee0d42e60c4d9385e17f75,hhrsd_boe,Henry Hudson Regional School District,minutes,2024-01-04,"January 4, 2024 Reorganization Meeting Minutes",https://4.files.edl.io/abf7/08/26/24/185416-b63f9b26-8892-43b9-94a8-6160b66dbd6b.pdf,135276,application/pdf,2026-09-23 14:23:29.041047,https://www.tridistrict.org/apps/pages/index.jsp?uREC_ID=3733528&type=d&pREC_ID=2593280,2026-09-23 14:23:29.041047,200,"""197aa6562b2d9984e88b85ceaa436a19""","Mon, 26 Aug 2024 18:54:17 GMT"
bc95c8a8c2f0a466e924ac9e9b2e7f046632637e0d16f22aa480849de1ca5257,hhrsd_boe,Henry Hudson Regional School District,agenda,2024-01-24,"January 24, 2024 HH PK-12 SD Regular BOE Meeting Agenda",https://4.files.edl.io/d16a/07/03/24/112702-e965ab3e-55bf-4ebd-96cf-60e99ad5ce90.pdf,142630,application/pdf,2026-09-23 14:22:31.013112,https://www.tridistrict.org/apps/pages/index.jsp?uREC_ID=3733528&type=d&pREC_ID=2593280,2026-09-23 14:22:31.013112,200,"""68a7d7e3720a9a41a1d2019b93f8c956""","Wed, 03 Jul 2024 11:27:03 GMT"
8272be6c5f0b70478c4f72ecdb322ff044880cbfe7cf0c6b0d1ccc8170dd38dd,hhrsd_boe,Henry Hudson Regional School District,minutes,2024-01-24,"January 24, 2024 HH PK-12 SD Regular BOE Meeting Minutes",https://4.files.edl.io/088e/07/03/24/113115-00927d6b-b291-44a1-a43e-abd05e3a0471.pdf,252602,application/pdf,2026-09-23 14:22:43.175319,https://www.tridistrict.org/apps/pages/index.jsp?uREC_ID=3733528&type=d&pREC_ID=2593280,2026-09-23 14:22:43.175319,200,"""9f920a42fe0da388e9d00b5f52fa1261""","Wed, 03 Jul 2024 11:31:16 GMT"
4b7e7a0fee71925a2f4f933c5668f5c10a326986597142c850c9120bdb64f377,hhrsd_boe,Henry Hudson Regional School District,agenda,2024-01-24,"January 24, 2024 Regular BOE Meeting Agenda",https://4.files.edl.io/2a6d/07/11/24/173807-4e95bfef-5e69-41b8-9134-3c669e6d15ed.pdf,220705,application/pdf,2026-09-23 14:23:06.079393,https://www.tridistrict.org/apps/pages/index.jsp?uREC_ID=3733528&type=d&pREC_ID=2593280,2026-09-23 14:23:06.079393,200,"""e5de6913451707f67b4fc886e968698d""","Thu, 11 Jul 2024 17:38:08 GMT"
f2f6f1572e6242ef4a72ee4a40398812ba73bbb7ca21a15373a46c1191f6e167,hhrsd_boe,Henry Hudson Regional School District,minutes,2024-01-24,"January 24, 2024 Regular BOE Meeting Minutes",https://4.files.edl.io/3186/08/26/24/185422-a9854db6-3a6c-4ac3-9ff3-9b799ddca8f5.pdf,229531,application/pdf,2026-09-23 14:23:30.49186,https://www.tridistrict.org/apps/pages/index.jsp?uREC_ID=3733528&type=d&pREC_ID=2593280,2026-09-23 14:23:30.49186,200,"""78d21c80fea9d10d1026308fd3482ec6""","Mon, 26 Aug 2024 18:54:23 GMT"
f7837f687efab408883be468d4015882e0abfe8ae7031b7a8fd480000c220f6b,hhrsd_boe,Henry Hudson Regional School District,agenda,2024-02-21,"February 21, 2024 HH PK-12 SD Regular BOE Meeting Agenda",https://4.files.edl.io/391c/07/03/24/112702-ccebd469-cd6a-4414-82b5-5f86d2feffc3.pdf,121989,application/pdf,2026-09-23 14:22:32.49555,https://www.tridistrict.org/apps/pages/index.jsp?uREC_ID=3733528&type=d&pREC_ID=2593280,2026-09-23 14:22:32.49555,200,"""b908b966eb00c091ef45e7f1705b5a50""","Wed, 03 Jul 2024 11:27:03 GMT"
670b1303c020574d1199474bdb3b303991d746e5d16391b9e14e20c4bdd23d67,hhrsd_boe,Henry Hudson Regional School District,minutes,2024-02-21,"February 21, 2024 HH PK-12 SD Regular BOE Meeting Minutes",https://4.files.edl.io/94cb/07/03/24/113039-b679784a-49f0-4da1-bbd4-06bcef0144dc.pdf,115112,application/pdf,2026-09-23 14:22:44.739981,https://www.tridistrict.org/apps/pages/index.jsp?uREC_ID=3733528&type=d&pREC_ID=2593280,2026-09-23 14:22:44.739981,200,"""dfa9a832df31705f5132843f65fa5f85""","Wed, 03 Jul 2024 11:30:40 GMT"
680af00df14a00212770455b4037de29600c443b7eda8224a3aaed9d1f489271,hhrsd_boe,Henry Hudson Regional School District,agenda,2024-02-21,"February 21, 2024 Regular BOE Meeting Agenda",https://4.files.edl.io/5e4f/07/11/24/173805-65fb2906-2910-491e-8d3c-38f594fb5b0a.pdf,203183,application/pdf,2026-09-23 14:23:07.572476,https://www.tridistrict.org/apps/pages/index.jsp?uREC_ID=3733528&type=d&pREC_ID=2593280,2026-09-23 14:23:07.572476,200,"""c376237eea009ede38d0b93ecf75f08c""","Thu, 11 Jul 2024 17:38:06 GMT"
0b1eebddf475d2244c7602a44ee25401f8ba1fb3af14e29df633640d264c6329,hhrsd_boe,Henry Hudson Regional School District,minutes,2024-02-21,"February 21, 2024 Regular BOE Meeting Minutes",https://4.files.edl.io/0eda/07/11/24/174551-e7c0559a-8ffe-4a65-b22e-53ef3f87a6d2.pdf,215167,application/pdf,2026-09-23 14:23:32.034573,https://www.tridistrict.org/apps/pages/index.jsp?uREC_ID=3733528&type=d&pREC_ID=2593280,2026-09-23 14:23:32.034573,200,"""dd69aa4264dcb96f6480f7f3f53ab0ed""","Thu, 11 Jul 2024 17:45:52 GMT"
3f9a75c2fa97801298a3b2bdf683e30152ea29894a5e2190bdc1f5f1fa7e9972,hhrsd_boe,Henry Hudson Regional School District,agenda,2024-03-20,"March 20, 2024 HH PK-12 SD Regular BOE Meeting Agenda",https://4.files.edl.io/8a8c/07/03/24/112702-1a4f93c1-ffea-4724-a94b-a496274c18e7.pdf,353566,application/pdf,2026-09-23 14:22:33.95567,https://www.tridistrict.org/apps/pages/index.jsp?uREC_ID=3733528&type=d&pREC_ID=2593280,2026-09-23 14:22:33.95567,200,"""e7140e401e68cdf9977370183fe73b9f""","Wed, 03 Jul 2024 11:27:03 GMT"
0cbb8b6fff8ba4cb4ee8b7d3d9154a3176626aac36050abb77242da8d5705970,hhrsd_boe,Henry Hudson Regional School District,minutes,2024-03-20,"March 20, 2024 HH PK-12 SD Regular BOE Meeting Minutes",https://4.files.edl.io/1caf/07/03/24/113039-ec8e2529-98c8-44da-8723-fa7f4e257894.pdf,172019,application/pdf,2026-09-23 14:22:46.208481,https://www.tridistrict.org/apps/pages/index.jsp?uREC_ID=3733528&type=d&pREC_ID=2593280,2026-09-23 14:22:46.208481,200,"""8efe9138161428fda6ee1697f2fb73ee""","Wed, 03 Jul 2024 11:30:40 GMT"
7fea34be38f478937856b1854863aac01e65cb9b1acc31b6e290ae049347ea10,hhrsd_boe,Henry Hudson Regional School District,agenda,2024-03-20,"March 20, 2024 Regular BOE Meeting Agenda",https://4.files.edl.io/c844/07/11/24/173807-b3bf0538-e94d-4274-8b6e-603418fe8c46.pdf,171954,application/pdf,2026-09-23 14:23:09.163033,https://www.tridistrict.org/apps/pages/index.jsp?uREC_ID=3733528&type=d&pREC_ID=2593280,2026-09-23 14:23:09.163033,200,"""2eba87a493abc25dda92f6676638df9d""","Thu, 11 Jul 2024 17:38:08 GMT"
4b131af84324c0a143b1bfb6fa900bc53d0095c0533d4327cbe9c333f03326cc,hhrsd_boe,Henry Hudson Regional School District,minutes,2024-03-20,"March 20, 2024 Regular BOE Meeting Minutes",https://4.files.edl.io/41d9/07/11/24/174548-27c55b35-4ca2-4986-bb8e-811424a4dfe8.pdf,213961,application/pdf,2026-09-23 14:23:33.594581,https://www.tridistrict.org/apps/pages/index.jsp?uREC_ID=3733528&type=d&pREC_ID=2593280,2026-09-23 14:23:33.594581,200,"""e934850f85ef172d733a7b17f0b71b02""","Thu, 11 Jul 2024 17:45:49 GMT"
bd48bef0c632d16648760b76ba472f58feb3ffe10c399af92b0e0e0af862df4d,hhrsd_boe,Henry Hudson Regional School District,agenda,2024-04-17,"April 17, 2024 HH PK-12 SD Regular BOE Meeting Agenda",https://4.files.edl.io/f682/07/03/24/112703-ae770003-6d11-4377-91dc-125c548667ed.pdf,305912,application/pdf,2026-09-23 14:22:35.49167,https://www.tridistrict.org/apps/pages/index.jsp?uREC_ID=3733528&type=d&pREC_ID=2593280,2026-09-23 14:22:35.49167,200,"""b4b2856700d9a5db1c5c725c0040166f""","Wed, 03 Jul 2024 11:27:04 GMT"
bd77a0471fc139c5a351da386ead09f3963891bad3392e57585973cf1ddb9f80,hhrsd_boe,Henry Hudson Regional School District,minutes,2024-04-17,"April 17, 2024 HHR PK-12 SD Regular BOE Meeting Minutes",https://4.files.edl.io/63b3/08/26/24/185125-aef5b050-4823-4bdb-805b-e429b57d105a.pdf,183720,application/pdf,2026-09-23 14:22:47.67648,https://www.tridistrict.org/apps/pages/index.jsp?uREC_ID=3733528&type=d&pREC_ID=2593280,2026-09-23 14:22:47.67648,200,"""9587b3e8bb3b9991fb0c3584256ee543""","Mon, 26 Aug 2024 18:51:26 GMT"
39d2bb94588e07f2221ff6f84b9458711eaccef89382c1455539a878f22b89d2,hhrsd_boe,Henry Hudson Regional School District,agenda,2024-04-17,"April 17, 2024 Regular BOE Meeting Agenda",https://4.files.edl.io/2fb6/07/11/24/173805-349bec5b-1540-4041-a038-e3e6d3dcd0f2.pdf,180923,application/pdf,2026-09-23 14:23:10.640193,https://www.tridistrict.org/apps/pages/index.jsp?uREC_ID=3733528&type=d&pREC_ID=2593280,2026-09-23 14:23:10.640193,200,"""e3ba37553df0620850935d92ca4e2594""","Thu, 11 Jul 2024 17:38:06 GMT"
7954dc7cd00c00be288d11011a89c62379f117500ee5497647c055a0d1416ab4,hhrsd_boe,Henry Hudson Regional School District,minutes,2024-04-17,"April 17, 2024 Regular BOE Meeting Minutes",https://4.files.edl.io/bb00/07/11/24/174548-d8a22c82-a0c2-4b7c-999c-6ba46796386e.pdf,201316,application/pdf,2026-09-23 14:23:35.10285,https://www.tridistrict.org/apps/pages/index.jsp?uREC_ID=3733528&type=d&pREC_ID=2593280,2026-09-23 14:23:35.10285,200,"""e48491c512f11420a55f78c61990f99e""","Thu, 11 Jul 2024 17:45:49 GMT"
d4f9509900f16d2ee3ebe1bab28610853d1d5e694865f3d9b68f75b14c7b7551,hhrsd_boe,Henry Hudson Regional School District,agenda,2024-05-06,"May 6, 2024 HH PK-12 SD Regular BOE Meeting Agenda",https://4.files.edl.io/5a97/07/03/24/112703-cf2abc4a-fda7-48c3-9ed6-c2114db95654.pdf,224325,application/pdf,2026-09-23 14:22:37.05141,https://www.tridistrict.org/apps/pages/index.jsp?uREC_ID=3733528&type=d&pREC_ID=2593280,2026-09-23 14:22:37.05141,200,"""5cdb18e8e94ea362d7aa940154f2e0f8""","Wed, 03 Jul 2024 11:27:04 GMT"
bf28570f49447c0d2abdbf7edf30fdc8abff8d9280a8f0e039b5d7b686f9a608,hhrsd_boe,Henry Hudson Regional School District,minutes,2024-05-06,"May 6, 2024 HH PK-12 SD Regular BOE Meeting Minutes",https://4.files.edl.io/68d4/07/03/24/113313-383a786e-1091-40e1-9521-eddfa9bfa362.pdf,507298,application/pdf,2026-09-23 14:22:49.224758,https://www.tridistrict.org/apps/pages/index.jsp?uREC_ID=3733528&type=d&pREC_ID=2593280,2026-09-23 14:22:49.224758,200,"""4e51f1b81d3b6d217bfbdc4cbc6dde0d""","Wed, 03 Jul 2024 11:33:14 GMT"
e90f26346f3b5cf12c6db989b0e29df7fb248a70ada4c87f5adfec2da7613f8f,hhrsd_boe,Henry Hudson Regional School District,agenda,2024-05-22,"May 22, 2024 Regular BOE Meeting Agenda",https://4.files.edl.io/ccdd/07/11/24/173807-0ffe2b23-eb3a-4aff-b16a-5e020b5932eb.pdf,318833,application/pdf,2026-09-23 14:23:12.144872,https://www.tridistrict.org/apps/pages/index.jsp?uREC_ID=3733528&type=d&pREC_ID=2593280,2026-09-23 14:23:12.144872,200,"""0faf7667c898302a865a3a3b57287756""","Thu, 11 Jul 2024 17:38:08 GMT"
a1da6922861ea55b850bdcafc53e7aaec46f94c11a2b2cf43dfd10be2c65207e,hhrsd_boe,Henry Hudson Regional School District,minutes,2024-05-22,"May 22, 2024 Regular BOE Meeting Minutes",https://4.files.edl.io/adb8/07/11/24/174816-247a0cc9-f009-4dd7-88f9-79c54580aa4f.pdf,426474,application/pdf,2026-09-23 14:23:36.620614,https://www.tridistrict.org/apps/pages/index.jsp?uREC_ID=3733528&type=d&pREC_ID=2593280,2026-09-23 14:23:36.620614,200,"""c8df54e64e6a91a42129ae03fe7a1ae8""","Thu, 11 Jul 2024 17:48:17 GMT"
a11b8691dce938ee860d2450b2d8fa425e354a5cb7a05cb3d2440a1c893a4313,hhrsd_boe,Henry Hudson Regional School District,agenda,2024-05-28,"May 28, 2024 Special BOE Meeting Agenda",https://4.files.edl.io/cda6/07/11/24/174337-929a730d-cca4-4fd5-b0b9-fa395ac5d7c3.pdf,86927,application/pdf,2026-09-23 14:23:13.709592,https://www.tridistrict.org/apps/pages/index.jsp?uREC_ID=3733528&type=d&pREC_ID=2593280,2026-09-23 14:23:13.709592,200,"""a34d02a8994b5d89afdb78aebbe73ac0""","Thu, 11 Jul 2024 17:43:38 GMT"
89056b8892daa7e3074a9dba904e482334dda3a276c8827ef8b6810ef588e886,hhrsd_boe,Henry Hudson Regional School District,minutes,2024-05-28,"May 28, 2024 Special BOE Meeting Minutes",https://4.files.edl.io/b95f/07/11/24/174816-0d3960d9-b42e-4f99-9711-49a3b3ed94b0.pdf,241420,application/pdf,2026-09-23 14:23:38.205701,https://www.tridistrict.org/apps/pages/index.jsp?uREC_ID=3733528&type=d&pREC_ID=2593280,2026-09-23 14:23:38.205701,200,"""ddeaebe5b89f1cd5a70ecdf72ec8f694""","Thu, 11 Jul 2024 17:48:17 GMT"
847523d5871922bd345eb5329770d387a4e21ed15ae7829529e8e839290bbd39,hhrsd_boe,Henry Hudson Regional School District,agenda,2024-06-12,"June 12, 2024 HH PK-12 SD Annual BOE Meeting Agenda",https://4.files.edl.io/d897/07/03/24/112703-743cc592-f641-41da-afb5-79c1ffbc6ae0.pdf,209573,application/pdf,2026-09-23 14:22:38.607576,https://www.tridistrict.org/apps/pages/index.jsp?uREC_ID=3733528&type=d&pREC_ID=2593280,2026-09-23 14:22:38.607576,200,"""4c544b30451ed98ad4a7a939bf803596""","Wed, 03 Jul 2024 11:27:04 GMT"
8f2e334be307b31ccaeb96615b277d8149c5c55e63ac3040440fdaba2e9dea14,hhrsd_boe,Henry Hudson Regional School District,agenda,2024-06-12,"June 12, 2024 HH PK-12 SD Public Hearing/Regular BOE Meeting Agenda",https://4.files.edl.io/0b54/07/03/24/112703-b358d1a7-6fd1-47fd-bcdd-de202c999b9a.pdf,283136,application/pdf,2026-09-23 14:22:40.174339,https://www.tridistrict.org/apps/pages/index.jsp?uREC_ID=3733528&type=d&pREC_ID=2593280,2026-09-23 14:22:40.174339,200,"""5969cc5abeb36ae36d3227de847c37eb""","Wed, 03 Jul 2024 11:27:04 GMT"
b5dff4348d297defab6ea84bd265db3e7619d266e185cb18d698545ef93c73ab,hhrsd_boe,Henry Hudson Regional School District,minutes,2024-06-12,"June 12, 2024 HHRS PK-12 Public Hearing Regular BOE Meeting Minutes",https://4.files.edl.io/30fe/08/26/24/185223-7c8d774c-221a-487a-be14-adadcdbb1af2.pdf,412170,application/pdf,2026-09-23 14:22:50.859229,https://www.tridistrict.org/apps/pages/index.jsp?uREC_ID=3733528&type=d&pREC_ID=2593280,2026-09-23 14:22:50.859229,200,"""2af2a229cbcfd38579d0b599fea859c4""","Mon, 26 Aug 2024 18:52:24 GMT"
3b00b0b78a64184909f23fa7d8c609b8de7d2c4e9a7ed22c061f3bf7b9623a04,hhrsd_boe,Henry Hudson Regional School District,agenda,2024-06-12,"June 12, 2024 Regular BOE Meeting Agenda",https://4.files.edl.io/463b/07/11/24/173806-11619aad-2582-4f2e-b9d4-a43b70182bdf.pdf,173312,application/pdf,2026-09-23 14:23:15.256998,https://www.tridistrict.org/apps/pages/index.jsp?uREC_ID=3733528&type=d&pREC_ID=2593280,2026-09-23 14:23:15.256998,200,"""c8546b18d070ea4d42e613b40aca9b4d""","Thu, 11 Jul 2024 17:38:07 GMT"
48f4da94cd5707cc9564d0b279684af677e024f14cc330388c8a01044f315bf1,hhrsd_boe,Henry Hudson Regional School District,minutes,2024-06-12,"June 12, 2024 Regular BOE Meeting Minutes",https://4.files.edl.io/21b8/07/25/24/191448-7933b44d-f745-4772-b956-10099ba24f7c.pdf,303674,application/pdf,2026-09-23 14:23:39.314117,https://www.tridistrict.org/apps/pages/index.jsp?uREC_ID=3733528&type=d&pREC_ID=2593280,2026-09-23 14:23:39.314117,200,"""149f5a177e32ffcbc625c8a5597f22a6""","Thu, 25 Jul 2024 19:14:49 GMT"
0ca0696605ae35ebac1071bff382b4f2041cf8d9118ebe751716c058e5a3058a,hhrsd_boe,Henry Hudson Regional School District,agenda,2024-07-17,"July 17, 2024 HHRSD Regular BOE Meeting Agenda",https://4.files.edl.io/c88f/07/12/24/141229-0acd284b-d484-4ca9-85ca-7bc92e47f497.pdf,480324,application/pdf,2026-09-23 14:21:42.967175,https://www.tridistrict.org/apps/pages/index.jsp?uREC_ID=3733528&type=d&pREC_ID=2593279,2026-09-23 14:21:42.967175,200,"""c9c6f13068ba09015a8d656f3aeb3d40""","Fri, 12 Jul 2024 14:12:30 GMT"
3eca522c81d2e8cadafc497ce36813be64fd0c5d7c14dea1d3bfabeb4ebac245,hhrsd_boe,Henry Hudson Regional School District,minutes,2024-07-17,"July 17, 2024 HHRSD Regular BOE Meeting Minutes",https://4.files.edl.io/cfff/08/22/24/145638-04d2d2e4-aa83-4226-b32b-8b7926548b95.pdf,274893,application/pdf,2026-09-23 14:22:03.712133,https://www.tridistrict.org/apps/pages/index.jsp?uREC_ID=3733528&type=d&pREC_ID=2593279,2026-09-23 14:22:03.712133,200,"""09f320bd4c360833066e04bc1a6c5ea5""","Thu, 22 Aug 2024 14:56:39 GMT"
8c4c09c317d4f82f987d8254d1656f500be66b670a521a2f8fa6cf776ceb0aad,hhrsd_boe,Henry Hudson Regional School District,agenda,2024-08-21,"August 21, 2024 HHRSD Regular BOE Meeting Agenda",https://4.files.edl.io/acf1/08/16/24/205741-b66ed41f-947b-4562-bb7f-6ccdf4bc2263.pdf,265882,application/pdf,2026-09-23 14:21:44.07952,https://www.tridistrict.org/apps/pages/index.jsp?uREC_ID=3733528&type=d&pREC_ID=2593279,2026-09-23 14:21:44.07952,200,"""94e0c3c255d27ea3b6a37fff765e80f7""","Fri, 16 Aug 2024 20:57:42 GMT"
0a4ecc43e551ba4b86cb42180d94d928ce8533daa245887eef27e8cbcf0b5ce9,hhrsd_boe,Henry Hudson Regional School District,minutes,2024-08-21,"August 21, 2024 HHRSD Regular BOE Meeting Minutes",https://4.files.edl.io/5b68/09/19/24/192429-e48103b5-9993-4738-bb14-df9f8da187be.pdf,1725180,application/pdf,2026-09-23 14:22:05.250542,https://www.tridistrict.org/apps/pages/index.jsp?uREC_ID=3733528&type=d&pREC_ID=2593279,2026-09-23 14:22:05.250542,200,"""de59b7b59c2ce1b3b61d4c3808af325e""","Thu, 19 Sep 2024 19:24:30 GMT"
f45811076b0ca81d054ce98f463493f0c6917fdea7781730be361c070dfe802c,hhrsd_boe,Henry Hudson Regional School District,minutes,2024-09-04,"September 4, 2024 HHRSD Special BOE Meeting Minutes",https://4.files.edl.io/df41/09/19/24/192454-c7aa5004-b0d2-4006-b684-55124c609e96.pdf,122349,application/pdf,2026-09-23 14:22:06.396191,https://www.tridistrict.org/apps/pages/index.jsp?uREC_ID=3733528&type=d&pREC_ID=2593279,2026-09-23 14:22:06.396191,200,"""30e2c1f1f3ce68bf778f94dd1c0e8ddd""","Thu, 19 Sep 2024 19:24:55 GMT"
fc7aa1bbad80d17337262f41be70c393b1afdda9860bf2ee998c6fbad9f70dda,hhrsd_boe,Henry Hudson Regional School District,agenda,2024-09-18,"September 18, 2024 HHRSD Regular BOE Meeting Agenda",https://4.files.edl.io/e1e6/09/18/24/132741-fc8cddaf-f625-4133-bc1c-693ea4b27fb3.pdf,271944,application/pdf,2026-09-23 14:21:45.576783,https://www.tridistrict.org/apps/pages/index.jsp?uREC_ID=3733528&type=d&pREC_ID=2593279,2026-09-23 14:21:45.576783,200,"""5b39001a810546c7b552fc754fc67d74""","Wed, 18 Sep 2024 13:27:42 GMT"
a2b1c8fb3408b13eea7104155a0bd95ac2546b1411d65c3d32d8b00bc250c754,hhrsd_boe,Henry Hudson Regional School District,minutes,2024-09-18,"September 18, 2024 HHRSD Regular BOE Meeting Minutes",https://4.files.edl.io/30cb/10/18/24/144144-d0420b62-59d8-4fab-a315-48bceb93a7a5.pdf,313789,application/pdf,2026-09-23 14:22:07.844043,https://www.tridistrict.org/apps/pages/index.jsp?uREC_ID=3733528&type=d&pREC_ID=2593279,2026-09-23 14:22:07.844043,200,"""b8fef4b739930ffb476966d8835da69c""","Fri, 18 Oct 2024 14:41:45 GMT"
be6ced52989ee29b2422934396aaf6535806accba232deca0b8958cf3866ab94,hhrsd_boe,Henry Hudson Regional School District,agenda,2024-10-16,"October 16, 2024 HHRSD Regular BOE Meeting Agenda",https://4.files.edl.io/3c8f/10/11/24/194630-9dc0c172-4e3f-495b-9352-f31d074db50e.pdf,262617,application/pdf,2026-09-23 14:21:47.146674,https://www.tridistrict.org/apps/pages/index.jsp?uREC_ID=3733528&type=d&pREC_ID=2593279,2026-09-23 14:21:47.146674,200,"""90bfa88c181df8e2d00bd90803e79986""","Fri, 11 Oct 2024 19:46:31 GMT"
2bf718ecd70994bbc38de439af39a95e3340a860f98558ff5d5d95551212f2ed,hhrsd_boe,Henry Hudson Regional School District,minutes,2024-10-16,"October 16, 2024 HHRSD Regular BOE Meeting Minutes",https://4.files.edl.io/424d/12/09/24/151206-49b0a7c6-7cca-4a51-af84-4af5ddac46f6.pdf,288560,application/pdf,2026-09-23 14:22:09.405861,https://www.tridistrict.org/apps/pages/index.jsp?uREC_ID=3733528&type=d&pREC_ID=2593279,2026-09-23 14:22:09.405861,200,"""bf9819510cb4789da581d251b36678d0""","Mon, 09 Dec 2024 15:12:07 GMT"
ed7c60000b128b09fcf9f5d745cdb21ea1758e76ce0f8d077872caa05f05eaa1,hhrsd_boe,Henry Hudson Regional School District,agenda,2024-11-20,"November 20, 2024 HHRSD Regular BOE Meeting Agenda",https://4.files.edl.io/dd13/11/15/24/200544-ce2252c2-53c4-4077-ac4a-8e35a5ac251e.pdf,268884,application/pdf,2026-09-23 14:21:48.65117,https://www.tridistrict.org/apps/pages/index.jsp?uREC_ID=3733528&type=d&pREC_ID=2593279,2026-09-23 14:21:48.65117,200,"""f13cfd6805e29e7b2b1095f245aaf552""","Fri, 15 Nov 2024 20:05:45 GMT"
a3354c6248bef684ff377a959e75672ac246b2dd8a17b0df46c6c2b27b438714,hhrsd_boe,Henry Hudson Regional School District,minutes,2024-11-20,"November 20, 2024 HHRSD Regular BOE Meeting Minutes",https://4.files.edl.io/868e/12/19/24/191108-c62e8306-0518-40cc-8453-d1158e19c7ce.pdf,304934,application/pdf,2026-09-23 14:22:10.906121,https://www.tridistrict.org/apps/pages/index.jsp?uREC_ID=3733528&type=d&pREC_ID=2593279,2026-09-23 14:22:10.906121,200,"""fc61da352c12dfada0371dc46241349b""","Thu, 19 Dec 2024 19:11:09 GMT"
9eb661649ffbccc92acc9c76547997ff57f8c00425e7bbae212eb5b9488c5a05,hhrsd_boe,Henry Hudson Regional School District,agenda,2024-12-18,"December 18, 2024 HHRSD Regular BOE Meeting Agenda",https://4.files.edl.io/dd14/12/17/24/194241-d4ffea95-fe65-4cf9-a66d-bd755de3a409.pdf,257781,application/pdf,2026-09-23 14:21:50.1939,https://www.tridistrict.org/apps/pages/index.jsp?uREC_ID=3733528&type=d&pREC_ID=2593279,2026-09-23 14:21:50.1939,200,"""574c76613df7e26dbd50f88eba7357d9""","Tue, 17 Dec 2024 19:42:42 GMT"
337f570b20d1bd84eed6be991681f8f34e4b2b7371584af4416f032b2457c078,hhrsd_boe,Henry Hudson Regional School District,minutes,2024-12-18,"December 18, 2024 HHRSD Regular BOE Meeting Minutes",https://4.files.edl.io/b61d/01/23/25/180139-c658d384-b12b-4886-9780-811939de0b11.pdf,452049,application/pdf,2026-09-23 14:22:12.443591,https://www.tridistrict.org/apps/pages/index.jsp?uREC_ID=3733528&type=d&pREC_ID=2593279,2026-09-23 14:22:12.443591,200,"""695f516bff38662909d4cbeae591ff37""","Thu, 23 Jan 2025 18:01:40 GMT"
ab1687d019ce5806f9b72b9c29448631a314e93e0055677dc0c31308945f8cc0,hhrsd_boe,Henry Hudson Regional School District,agenda,2025-01-06,"January 6, 2025 HHRSD Re-Org BOE Meeting Agenda",https://4.files.edl.io/4365/01/06/25/201553-d1b5a8d0-0bf9-4fe9-9a91-d1bbb4a16f36.pdf,127227,application/pdf,2026-09-23 14:21:51.721463,https://www.tridistrict.org/apps/pages/index.jsp?uREC_ID=3733528&type=d&pREC_ID=2593279,2026-09-23 14:21:51.721463,200,"""39c0a5e1ee9d1564e405be151c3bc16c""","Mon, 06 Jan 2025 20:15:54 GMT"
b0b0b36f56de00b53ebbcaa041e0629dbdc70b9fb0134d0093503d59a81a3b0a,hhrsd_boe,Henry Hudson Regional School District,minutes,2025-01-06,"January 6, 2025 HHRSD Re-Org BOE Meeting Minutes",https://4.files.edl.io/dc19/01/23/25/180221-d708aba9-158a-449a-85ec-8769aa0c0bf4.pdf,187056,application/pdf,2026-09-23 14:22:13.980134,https://www.tridistrict.org/apps/pages/index.jsp?uREC_ID=3733528&type=d&pREC_ID=2593279,2026-09-23 14:22:13.980134,200,"""26f2f41fe57ba63d853c4af8ed95dead""","Thu, 23 Jan 2025 18:02:22 GMT"
5ccb68b4c368a3b101634fa08e9f8d4381bf46f51c211b070b092401836fbbe6,hhrsd_boe,Henry Hudson Regional School District,agenda,2025-01-22,"January 22, 2025 HHRSD Regular BOE Meeting Agenda",https://4.files.edl.io/b087/01/17/25/202258-06306ff7-fee4-4dd3-9a2a-c0f411cb2b09.pdf,411921,application/pdf,2026-09-23 14:21:53.018485,https://www.tridistrict.org/apps/pages/index.jsp?uREC_ID=3733528&type=d&pREC_ID=2593279,2026-09-23 14:21:53.018485,200,"""96b7dbf6112c4c00fc74da93c7aea0b3""","Fri, 17 Jan 2025 20:22:59 GMT"
e05adfe0d68e9d8b3257fb2e03a7f3f6c523228764e44e47b6ef1a890a249dab,hhrsd_boe,Henry Hudson Regional School District,minutes,2025-01-22,"January 22, 2025 HHRSD Regular BOE Meeting Minutes",https://4.files.edl.io/673e/02/20/25/173440-49ed3f77-fc87-4549-98a6-9a46dddf45cb.pdf,432445,application/pdf,2026-09-23 14:22:15.539102,https://www.tridistrict.org/apps/pages/index.jsp?uREC_ID=3733528&type=d&pREC_ID=2593279,2026-09-23 14:22:15.539102,200,"""5ef7e5b55b7291e1df4fa0d6b883296b""","Thu, 20 Feb 2025 17:34:41 GMT"
b54c4298910fa445fd2de933e36ecea75214728ef6ca8beeb71fa26b7181283a,hhrsd_boe,Henry Hudson Regional School District,agenda,2025-02-19,"February 19, 2025 HHRSD Regular BOE Meeting Agenda",https://4.files.edl.io/5b02/02/19/25/161427-2b179148-bd90-44d7-a784-6b8bcafc1ee2.pdf,362487,application/pdf,2026-09-23 14:21:54.572951,https://www.tridistrict.org/apps/pages/index.jsp?uREC_ID=3733528&type=d&pREC_ID=2593279,2026-09-23 14:21:54.572951,200,"""2b3f213bccfc2c3ba99449aa769cbc56""","Wed, 19 Feb 2025 16:14:28 GMT"
c25c0968c13db43a52111128283b82d6e65d75603c7a06ef75ae6a3a5aac71b8,hhrsd_boe,Henry Hudson Regional School District,minutes,2025-02-19,"February 19, 2025 HHRSD Regular BOE Meeting Minutes",https://4.files.edl.io/c188/04/09/25/145606-91ad43d1-5151-411e-ac5f-0d5c38f9665e.pdf,491275,application/pdf,2026-09-23 14:22:17.125039,https://www.tridistrict.org/apps/pages/index.jsp?uREC_ID=3733528&type=d&pREC_ID=2593279,2026-09-23 14:22:17.125039,200,"""85d6ddb61ebbc7784b12eeb33f95cf19""","Wed, 09 Apr 2025 14:56:07 GMT"
e7ba937b5a586f7f27ec93be6d2814f6848e6658600f3ca4fe3864ea05a8ea0e,hhrsd_boe,Henry Hudson Regional School District,agenda,2025-03-19,"March 19, 2025 HHRSD Regular BOE Meeting Agenda",https://4.files.edl.io/b0d2/03/14/25/193255-78e95fc7-61c4-48aa-a239-99b8593dc20e.pdf,423049,application/pdf,2026-09-23 14:21:55.871022,https://www.tridistrict.org/apps/pages/index.jsp?uREC_ID=3733528&type=d&pREC_ID=2593279,2026-09-23 14:21:55.871022,200,"""367478290b70a8023d6db96f3227d2b7""","Fri, 14 Mar 2025 19:32:56 GMT"
38c22afd676bab29ed133f998017d6ed8c8690a026318515e79552ff040e4adf,hhrsd_boe,Henry Hudson Regional School District,minutes,2025-03-19,"March 19, 2025 HHRSD Regular BOE Meeting Minutes",https://4.files.edl.io/0575/04/25/25/200649-27de6e12-b216-48d8-afe9-392b89a7632b.pdf,518152,application/pdf,2026-09-23 14:22:18.753515,https://www.tridistrict.org/apps/pages/index.jsp?uREC_ID=3733528&type=d&pREC_ID=2593279,2026-09-23 14:22:18.753515,200,"""80e694ff672df8e86d66d65d9308e6f8""","Fri, 25 Apr 2025 20:06:50 GMT"
3d765ae5ea8a05b771790cd9906904cb03db5178b15c2f861cd0ba640b9250c8,hhrsd_boe,Henry Hudson Regional School District,agenda,2025-04-30,"April 30, 2025 HHRSD Regular BOE Meeting Agenda",https://4.files.edl.io/140c/04/29/25/201515-af950f5b-2caa-4788-997f-7ec4700e9687.pdf,494232,application/pdf,2026-09-23 14:21:57.500266,https://www.tridistrict.org/apps/pages/index.jsp?uREC_ID=3733528&type=d&pREC_ID=2593279,2026-09-23 14:21:57.500266,200,"""ea05abd2b83cd99a76982d950e2e8b51""","Tue, 29 Apr 2025 20:15:16 GMT"
2c7f0d4cad382204ba41470f26d3536dc92167e654429955883712e441373632,hhrsd_boe,Henry Hudson Regional School District,minutes,2025-04-30,"April 30, 2025 HHRSD Regular BOE Meeting Minutes",https://4.files.edl.io/9de3/05/09/25/195904-48337f42-49ac-4dc3-a66f-ddb2f3f71285.pdf,562853,application/pdf,2026-09-23 14:22:20.418052,https://www.tridistrict.org/apps/pages/index.jsp?uREC_ID=3733528&type=d&pREC_ID=2593279,2026-09-23 14:22:20.418052,200,"""6ea33f281298bd2cf29f261812245a4b""","Fri, 09 May 2025 19:59:05 GMT"
5cff6d089d80eae24d9f70a5fb3fae6cfac3ef6affa08d2dfcc125944630cdd5,hhrsd_boe,Henry Hudson Regional School District,minutes,2025-05-07,"May 7, 2025 HHRSD Special BOE Meeting Minutes",https://4.files.edl.io/2ff6/06/06/25/200406-c614fe92-b876-45d2-bb59-80b11bcdcfaa.pdf,118434,application/pdf,2026-09-23 14:22:22.058592,https://www.tridistrict.org/apps/pages/index.jsp?uREC_ID=3733528&type=d&pREC_ID=2593279,2026-09-23 14:22:22.058592,200,"""8f6a676f4dcf1efe74c55f58cbbe0a04""","Fri, 06 Jun 2025 20:04:07 GMT"
81a8aee50404f41da2e8aba920e71bb516a2da937971e2b3c51c1163b21971e3,hhrsd_boe,Henry Hudson Regional School District,agenda,2025-05-14,"May 14, 2025 HHRSD Regular BOE Meeting Agenda",https://4.files.edl.io/7b5c/05/09/25/194302-717d38a1-eb07-4976-9df0-9fdfbe571976.pdf,487483,application/pdf,2026-09-23 14:21:59.088028,https://www.tridistrict.org/apps/pages/index.jsp?uREC_ID=3733528&type=d&pREC_ID=2593279,2026-09-23 14:21:59.088028,200,"""da0865733db5141ff97ad6cda7a8141e""","Fri, 09 May 2025 19:43:03 GMT"
82bb4aa8930d663a19fd74f4ffef53173e933c93afc40abe1229b668cacfd0fa,hhrsd_boe,Henry Hudson Regional School District,minutes,2025-05-14,"May 14, 2025 HHRSD Regular BOE Meeting Minutes",https://4.files.edl.io/9cef/06/06/25/200409-e0bbcf23-4b67-4a5c-bd9f-4993805cfa29.pdf,533969,application/pdf,2026-09-23 14:22:23.486599,https://www.tridistrict.org/apps/pages/index.jsp?uREC_ID=3733528&type=d&pREC_ID=2593279,2026-09-23 14:22:23.486599,200,"""e5c2bc274572926f88a3ce0fa78b9841""","Fri, 06 Jun 2025 20:04:10 GMT"
614da0e886289b41d5d8ae6f7d8c322187316f7e3c12098dd8d713dced9045d2,hhrsd_boe,Henry Hudson Regional School District,agenda,2025-06-11,"June 11, 2025 HHRSD Annual BOE Meeting Agenda",https://4.files.edl.io/91e4/06/06/25/200107-ebdc2632-aa5e-4f98-9634-40a873f0d73b.pdf,334182,application/pdf,2026-09-23 14:22:00.651297,https://www.tridistrict.org/apps/pages/index.jsp?uREC_ID=3733528&type=d&pREC_ID=2593279,2026-09-23 14:22:00.651297,200,"""035376012ea068d12d447f582a9e4499""","Fri, 06 Jun 2025 20:01:08 GMT"
cc0476a132678c1fec906a9abf88b81b4f164430db74fad0ebc816d745812ec7,hhrsd_boe,Henry Hudson Regional School District,agenda,2025-06-11,"June 11, 2025 HHRSD Regular BOE Meeting Agenda",https://4.files.edl.io/5387/06/11/25/144551-813333b7-1ebc-4a56-84c7-39f50e313cee.pdf,364816,application/pdf,2026-09-23 14:22:02.171388,https://www.tridistrict.org/apps/pages/index.jsp?uREC_ID=3733528&type=d&pREC_ID=2593279,2026-09-23 14:22:02.171388,200,"""deb852418ff8ba7bfd3e54ddeef493d7""","Wed, 11 Jun 2025 14:45:52 GMT"
81ee9947a2c9a827e2616811f3f9b8d9461f9a11a24ed1d7121916ce4208fbe2,hhrsd_boe,Henry Hudson Regional School District,minutes,2025-06-11,"June 11, 2025 HHRSD Regular BOE Meeting Minutes",https://4.files.edl.io/7a46/07/10/25/193531-8fa32c22-3687-4de0-bf4c-0dc5617b5c3d.pdf,861076,application/pdf,2026-09-23 14:22:26.129319,https://www.tridistrict.org/apps/pages/index.jsp?uREC_ID=3733528&type=d&pREC_ID=2593279,2026-09-23 14:22:26.129319,200,"""b8fae5d41baff38efa98c66983b7c564""","Thu, 10 Jul 2025 19:35:32 GMT"
323e8d66f28ee0014899d1a7c1a91fa38e7bda6f3801921682391312bf9cd040,hhrsd_boe,Henry Hudson Regional School District,minutes,2025-06-11,"June11, 2025 HHRSD Annual BOE Meeting Minutes",https://4.files.edl.io/df9b/07/10/25/193525-459ed849-8675-46ff-8a3e-11161e795c96.pdf,352067,application/pdf,2026-09-23 14:22:24.820505,https://www.tridistrict.org/apps/pages/index.jsp?uREC_ID=3733528&type=d&pREC_ID=2593279,2026-09-23 14:22:24.820505,200,"""452ab3739f0adbf66faa38dfc6262db2""","Thu, 10 Jul 2025 19:35:26 GMT"
83e2d62b082a2d77be340338b5b7c69612cc7970c50f97188a298d4a47f53bb5,hhrsd_boe,Henry Hudson Regional School District,minutes,2025-06-19,"June 19, 2025 HHRSD Special BOE Meeting Minutes",https://4.files.edl.io/370f/07/10/25/193648-a9d1bb53-ad3b-42c2-8293-6621bbcf4171.pdf,170703,application/pdf,2026-09-23 14:22:27.246491,https://www.tridistrict.org/apps/pages/index.jsp?uREC_ID=3733528&type=d&pREC_ID=2593279,2026-09-23 14:22:27.246491,200,"""e3c06c3c050dfc2b4e827a83a43ff14b""","Thu, 10 Jul 2025 19:36:49 GMT"
0a6aab15a175382e6269aa3f662bdd3f2077a0d4fc1d04189cd0d9b61ed7da63,hhrsd_boe,Henry Hudson Regional School District,agenda,2025-07-16,"July 16, 2025 HHRSD Regular BOE Meeting Agenda",https://4.files.edl.io/2e52/07/16/25/151356-b74e762b-752b-4366-a065-c52466c435ed.pdf,478048,application/pdf,2026-09-23 14:21:03.186494,https://www.tridistrict.org/apps/pages/index.jsp?uREC_ID=3733528&type=d&pREC_ID=2675269,2026-09-23 14:21:03.186494,200,"""4e097f0cab73949e83db3784a72de720""","Wed, 16 Jul 2025 15:13:57 GMT"
2cd23201760f436e8b11be6f265957da5fbf461d1c555e13c4523b41b20288b6,hhrsd_boe,Henry Hudson Regional School District,minutes,2025-07-16,"July 16, 2025 HHRSD Regular BOE Meeting Minutes",https://4.files.edl.io/136b/08/20/25/170604-4400e039-9737-47ed-bbba-792dca4d3ccc.pdf,543466,application/pdf,2026-09-23 14:21:24.369695,https://www.tridistrict.org/apps/pages/index.jsp?uREC_ID=3733528&type=d&pREC_ID=2675269,2026-09-23 14:21:24.369695,200,"""bd5022efe8733df94d6758652e850d56""","Wed, 20 Aug 2025 17:06:05 GMT"
9a7d94ca47cc29410400d7c446acb62e7d994c54196180f7904761f029c636e3,hhrsd_boe,Henry Hudson Regional School District,agenda,2025-08-20,"August 20, 2025 HHRSD Regular BOE Meeting Agenda",https://4.files.edl.io/1c2f/08/20/25/170436-7492bd5c-2fe7-422e-9e39-076a59a627f7.pdf,619886,application/pdf,2026-09-23 14:21:04.306428,https://www.tridistrict.org/apps/pages/index.jsp?uREC_ID=3733528&type=d&pREC_ID=2675269,2026-09-23 14:21:04.306428,200,"""edd3dc091f092bc22801fd0b333bd083""","Wed, 20 Aug 2025 17:04:37 GMT"
abc6e5c288263bc1d4c1dcab1049e252fe283d899098a8d45c6373748299c772,hhrsd_boe,Henry Hudson Regional School District,minutes,2025-08-20,"August 20, 2025 HHRSD Regular BOE Meeting Minutes",https://4.files.edl.io/8608/09/17/25/174238-25620bad-8e27-4b43-ae1a-60ad1f58ad80.pdf,638693,application/pdf,2026-09-23 14:21:25.698674,https://www.tridistrict.org/apps/pages/index.jsp?uREC_ID=3733528&type=d&pREC_ID=2675269,2026-09-23 14:21:25.698674,200,"""a7c196b06662506984b1ceed3964733e""","Wed, 17 Sep 2025 17:42:39 GMT"
a3fccd4127b0adcae06ebb8a5f1d72a95ccba8b26c545d9013f9ac76fa30d777,hhrsd_boe,Henry Hudson Regional School District,other,2025-09-17,"FSD Tower Proposal - September 17, 2025 Meeting",https://4.files.edl.io/caad/10/10/25/175102-d520c54c-f12d-4b76-9085-09ca9b645d93.pdf,274657,application/pdf,2026-09-23 14:21:21.019338,https://www.tridistrict.org/apps/pages/index.jsp?uREC_ID=3733528&type=d&pREC_ID=2675269,2026-09-23 14:21:21.019338,200,"""081531d132c923652eb6cef7f583e6f2""","Fri, 10 Oct 2025 17:51:03 GMT"
161221b8f455aaed263b47ee31a3d0b3f07a64a6d6c9a0b49a40613327108b1d,hhrsd_boe,Henry Hudson Regional School District,agenda,2025-09-17,"September 17, 2025 HHRSD Regular BOE Meeting Agenda",https://4.files.edl.io/ed6a/09/17/25/174123-a7ffedbd-71b5-40d2-b9fb-7215c9030d4b.pdf,415734,application/pdf,2026-09-23 14:21:05.425732,https://www.tridistrict.org/apps/pages/index.jsp?uREC_ID=3733528&type=d&pREC_ID=2675269,2026-09-23 14:21:05.425732,200,"""2f5365f5b2b4a931c8daee510ea31249""","Wed, 17 Sep 2025 17:41:24 GMT"
09a0194979e3c506ea549e1bd05c6cd8d67192421521aa4b0e0fb70f3b4e9ce8,hhrsd_boe,Henry Hudson Regional School District,minutes,2025-09-17,"September 17, 2025 HHRSD Regular BOE Meeting Minutes",https://4.files.edl.io/d1e7/10/16/25/123511-f0c85e4f-cc97-4d73-b8ec-b62b3464b63d.pdf,506887,application/pdf,2026-09-23 14:21:27.009711,https://www.tridistrict.org/apps/pages/index.jsp?uREC_ID=3733528&type=d&pREC_ID=2675269,2026-09-23 14:21:27.009711,200,"""8471c9070d870c59c2fdd5bef59f2c6a""","Thu, 16 Oct 2025 12:35:12 GMT"
15b9f75723718db1d50c4a84fc8a08e0191cb1068e8fed8a0a27458bfe08644b,hhrsd_boe,Henry Hudson Regional School District,agenda,2025-10-15,"October 15, 2025 HHRSD Regular BOE Meeting Agenda",https://4.files.edl.io/a1d8/10/10/25/175249-fa0ba970-d5c3-4e8a-baa7-8218847037fd.pdf,570953,application/pdf,2026-09-23 14:21:06.531848,https://www.tridistrict.org/apps/pages/index.jsp?uREC_ID=3733528&type=d&pREC_ID=2675269,2026-09-23 14:21:06.531848,200,"""ad3e347537650e5c45356472db0c01b9""","Fri, 10 Oct 2025 17:52:50 GMT"
a4988cfb59f652b542cd91d0525b299475e3d6e8e99800dc9b40048d36c95d38,hhrsd_boe,Henry Hudson Regional School District,minutes,2025-10-15,"October 15, 2025 HHRSD Regular BOE Meeting Minutes",https://4.files.edl.io/f99e/11/14/25/183237-d4249c4e-1ffb-4168-b01e-2fcd1c76d5dc.pdf,633684,application/pdf,2026-09-23 14:21:28.737834,https://www.tridistrict.org/apps/pages/index.jsp?uREC_ID=3733528&type=d&pREC_ID=2675269,2026-09-23 14:21:28.737834,200,"""58f163c9a5428ecb54f46bb9f39611a8""","Fri, 14 Nov 2025 18:32:38 GMT"
9bb2819beeefef9344ee9785352a17258d9e54ae07484e17bbb2e327730cd6de,hhrsd_boe,Henry Hudson Regional School District,minutes,2025-11-19,"November 19, 2025 HHRS Regular BOE Meeting Minutes",https://4.files.edl.io/cc62/12/15/25/205353-b9be7be8-725d-4458-9fd0-7282697fe590.pdf,556152,application/pdf,2026-09-23 14:21:30.330047,https://www.tridistrict.org/apps/pages/index.jsp?uREC_ID=3733528&type=d&pREC_ID=2675269,2026-09-23 14:21:30.330047,200,"""fb4163c784791b25b40e2827908670de""","Mon, 15 Dec 2025 20:53:54 GMT"
1b39037bb4affca08845b8fd9ea936d20f8e252217f7aaa90ea9edd44160b5c5,hhrsd_boe,Henry Hudson Regional School District,agenda,2025-11-19,"November 19, 2025 HHRSD Regular BOE Meeting Agenda",https://4.files.edl.io/cc44/11/14/25/183421-0ff9ddf2-8c7e-4add-8940-a9d0cf54fefe.pdf,495611,application/pdf,2026-09-23 14:21:07.658781,https://www.tridistrict.org/apps/pages/index.jsp?uREC_ID=3733528&type=d&pREC_ID=2675269,2026-09-23 14:21:07.658781,200,"""9d8ef8ba175497f4867da2de775e5ae5""","Fri, 14 Nov 2025 18:34:22 GMT"
a2673db65c65e1ce2523048e83cca6e5be107c718de5639ca6295be6eaea63cc,hhrsd_boe,Henry Hudson Regional School District,agenda,2025-12-17,"December 17, 2025 HHRSD Regular BOE Meeting Agenda.(2)",https://4.files.edl.io/0b1b/12/15/25/205214-0f6a645c-3e5c-40e7-925f-af6fe589ba47.pdf,479025,application/pdf,2026-09-23 14:21:08.811088,https://www.tridistrict.org/apps/pages/index.jsp?uREC_ID=3733528&type=d&pREC_ID=2675269,2026-09-23 14:21:08.811088,200,"""ef7fd6823444d597d91f151850582414""","Mon, 15 Dec 2025 20:52:15 GMT"
5d16f4955a3b22f861a79e33d0abdec7993ada11b35e01ed77a04ee415d5420e,hhrsd_boe,Henry Hudson Regional School District,minutes,2025-12-17,"December 17, 2025 HHRSD Regular BOE Meeting Minutes",https://4.files.edl.io/b64a/02/13/26/204859-7150a608-f9fa-47a5-9cea-3ebf3219e9d1.pdf,544599,application/pdf,2026-09-23 14:21:31.948187,https://www.tridistrict.org/apps/pages/index.jsp?uREC_ID=3733528&type=d&pREC_ID=2675269,2026-09-23 14:21:31.948187,200,"""2f79fc22fc058334ec6fa9502172db21""","Fri, 13 Feb 2026 20:49:00 GMT"
e5563f6727c5a1eb0acdace24a3d19d7fe35e1b8f5a16ccd70df5e76b6bf572c,hhrsd_boe,Henry Hudson Regional School District,agenda,2026-01-05,"January 05, 2026 HHRSD Re-Org BOE Meeting Agenda",https://4.files.edl.io/f34f/01/07/26/165348-05d97b9d-d4df-4b55-b5aa-3c057dbf4821.pdf,157148,application/pdf,2026-09-23 14:21:09.92911,https://www.tridistrict.org/apps/pages/index.jsp?uREC_ID=3733528&type=d&pREC_ID=2675269,2026-09-23 14:21:09.92911,200,"""be9c1e95bb58b518745f2bdd1b13ce03""","Wed, 07 Jan 2026 16:53:49 GMT"
dc16dd530072f61e5146c64104b603398196ad48a26ca6587f016aee120d4c0a,hhrsd_boe,Henry Hudson Regional School District,minutes,2026-01-05,"January 5, 2026 HHRSD Re-Org BOE Meeting Minutes",https://4.files.edl.io/e300/02/13/26/204916-1e4ed83c-41a6-471a-8cb5-ec3f972fc430.pdf,183494,application/pdf,2026-09-23 14:21:33.277083,https://www.tridistrict.org/apps/pages/index.jsp?uREC_ID=3733528&type=d&pREC_ID=2675269,2026-09-23 14:21:33.277083,200,"""b6e10ff794e101a04033f6e1bb5ae50f""","Fri, 13 Feb 2026 20:49:17 GMT"
2a3ca1e03af78fc886e97bcca9d49353e30401a6318e68a015229ba4ac84c33e,hhrsd_boe,Henry Hudson Regional School District,agenda,2026-01-21,"January 21, 2026 HHRSD Regular BOE Meeting Agenda",https://4.files.edl.io/66ea/01/16/26/194356-d878c7ae-b40e-4fe9-a01d-7311dea8f097.pdf,393524,application/pdf,2026-09-23 14:21:11.395208,https://www.tridistrict.org/apps/pages/index.jsp?uREC_ID=3733528&type=d&pREC_ID=2675269,2026-09-23 14:21:11.395208,200,"""5ae4660056a1a21d8d6edc2d20041539""","Fri, 16 Jan 2026 19:43:57 GMT"
e143989b20950018f350063852fff42b2a8517a9f80fcdccbee737ea73718dfe,hhrsd_boe,Henry Hudson Regional School District,minutes,2026-01-21,"January 21, 2026 HHRSD Regular BOE Meeting Minutes",https://4.files.edl.io/2218/02/13/26/205014-918e9b63-254a-4e68-a016-c694f116accd.pdf,435145,application/pdf,2026-09-23 14:21:34.37293,https://www.tridistrict.org/apps/pages/index.jsp?uREC_ID=3733528&type=d&pREC_ID=2675269,2026-09-23 14:21:34.37293,200,"""d2b260da3deae66b136cfa6132124a3e""","Fri, 13 Feb 2026 20:50:15 GMT"
b6f6865b219c55793c6c0b958c2ada81c38a768b0434f1a482b18c201a5aa516,hhrsd_boe,Henry Hudson Regional School District,minutes,2026-02-18,"February 18, 2026 HHRSD NJSB BOE Training Minutes",https://4.files.edl.io/16ff/04/09/26/145814-f226f886-9367-40b8-a7b5-31c75e4b0da0.pdf,119995,application/pdf,2026-09-23 14:21:35.483985,https://www.tridistrict.org/apps/pages/index.jsp?uREC_ID=3733528&type=d&pREC_ID=2675269,2026-09-23 14:21:35.483985,200,"""1fd4b8276ac9b88ab4209f04a527dbde""","Thu, 09 Apr 2026 14:58:15 GMT"
a78feebb2ccf8f2be4f5aa28cfd68fa6ea9a38850b56cfb5fcf1228b31407b98,hhrsd_boe,Henry Hudson Regional School District,agenda,2026-02-18,"February 18, 2026 HHRSD Regular BOE Meeting Agenda",https://4.files.edl.io/6ade/02/13/26/202037-c34623e2-c97e-46c3-9dda-76fc3bedcba5.pdf,462317,application/pdf,2026-09-23 14:21:14.50681,https://www.tridistrict.org/apps/pages/index.jsp?uREC_ID=3733528&type=d&pREC_ID=2675269,2026-09-23 14:21:14.50681,200,"""f900d41a5b957af6b814cc4d38c83403""","Fri, 13 Feb 2026 20:20:38 GMT"
d31524a4bc9608aa7e524d816cce62b176c98b2d921900eec78f15cdf7dc036b,hhrsd_boe,Henry Hudson Regional School District,minutes,2026-02-18,"February 18, 2026 HHRSD Regular BOE Meeting Minutes",https://4.files.edl.io/0828/04/09/26/145817-1d36da9a-631b-4633-8c67-32b155515350.pdf,509004,application/pdf,2026-09-23 14:21:36.58189,https://www.tridistrict.org/apps/pages/index.jsp?uREC_ID=3733528&type=d&pREC_ID=2675269,2026-09-23 14:21:36.58189,200,"""4db845741bb7342ee49a697723baa57e""","Thu, 09 Apr 2026 14:58:18 GMT"
2b10a5f40a3788dd7f26f9e198613fd5d724d5ae274fa663ba8aae70a1e38817,hhrsd_boe,Henry Hudson Regional School District,agenda,2026-02-18,"February 18, 2026 HHSD NJSB BOE Training Agenda",https://4.files.edl.io/6ece/02/13/26/200926-773f496c-43be-41cc-a0d8-1c09649cf67e.pdf,109188,application/pdf,2026-09-23 14:21:13.000927,https://www.tridistrict.org/apps/pages/index.jsp?uREC_ID=3733528&type=d&pREC_ID=2675269,2026-09-23 14:21:13.000927,200,"""9549a31c938616f2a4ea949623fcc129""","Fri, 13 Feb 2026 20:09:27 GMT"
82dfa5faa952072c747b97323c2645ff6f167d6b053a98a8b30a4bcca3b4ff06,hhrsd_boe,Henry Hudson Regional School District,budget,2026-03-25,"March 25, 2026 HHRSD Budget Adoption & Regular BOE Meeting Agenda",https://4.files.edl.io/9500/03/20/26/201713-82df2d2c-5e5f-4f1f-9366-603144a777bf.pdf,426863,application/pdf,2026-09-23 14:21:16.103136,https://www.tridistrict.org/apps/pages/index.jsp?uREC_ID=3733528&type=d&pREC_ID=2675269,2026-09-23 14:21:16.103136,200,"""236c9c59c4725db7998d21fbb81869c3""","Fri, 20 Mar 2026 20:17:14 GMT"
b14283f76d1e4df9a4ba9d9609f7128527314b4ea413c6c413ed0b0d7f98631e,hhrsd_boe,Henry Hudson Regional School District,minutes,2026-03-25,"March 25, 2026 HHRSD Regular BOE Meeting Minutes",https://4.files.edl.io/91ca/04/30/26/141545-c23ff45c-c8b7-4b67-a541-91ae91123b05.pdf,514063,application/pdf,2026-09-23 14:21:37.71187,https://www.tridistrict.org/apps/pages/index.jsp?uREC_ID=3733528&type=d&pREC_ID=2675269,2026-09-23 14:21:37.71187,200,"""3feacf9b04976d2e112f14a7e0893396""","Thu, 30 Apr 2026 14:15:46 GMT"
130450c62cefd3f25f078de07bb9a93f34ee2ffb4f1dde0cd97e26ed1abe592d,hhrsd_boe,Henry Hudson Regional School District,agenda,2026-04-29,"April 29, 2026 HHRSD Public Hearing & Regular BOE Meeting Agenda",https://4.files.edl.io/1907/04/27/26/201038-1b618dbe-ce22-4247-993e-9e560f47d53b.pdf,384272,application/pdf,2026-09-23 14:21:17.209923,https://www.tridistrict.org/apps/pages/index.jsp?uREC_ID=3733528&type=d&pREC_ID=2675269,2026-09-23 14:21:17.209923,200,"""511d21c7151f3bc2dc79dd8620db2edf""","Mon, 27 Apr 2026 20:10:39 GMT"
463b276cccd6d0f11dd03247101b3326e4495b59b74496b2b6aa57cc58577ae2,hhrsd_boe,Henry Hudson Regional School District,minutes,2026-04-29,"April 29, 2026 HHRSD Regular BOE Meeting Minutes",https://4.files.edl.io/a2e6/05/28/26/181941-641c370b-81b3-4e0f-875c-0c8cb51ebb8e.pdf,431415,application/pdf,2026-09-23 14:21:38.824783,https://www.tridistrict.org/apps/pages/index.jsp?uREC_ID=3733528&type=d&pREC_ID=2675269,2026-09-23 14:21:38.824783,200,"""5ff8de9e8649cb4d1330ffe4ff95faec""","Thu, 28 May 2026 18:19:42 GMT"
ef2579308b0d38da35a647d2c3bb257703554a03083ce811fda329d1baa1069e,hhrsd_boe,Henry Hudson Regional School District,agenda,2026-05-13,"May 13, 2026 HHRSD Regular BOE Meeting Agenda",https://4.files.edl.io/5086/05/11/26/124159-0f76225d-1299-4b38-9a88-4ef9baca55fc.pdf,476077,application/pdf,2026-09-23 14:21:18.328415,https://www.tridistrict.org/apps/pages/index.jsp?uREC_ID=3733528&type=d&pREC_ID=2675269,2026-09-23 14:21:18.328415,200,"""5ede1ef9d94a0a116aa727620c9004f0""","Mon, 11 May 2026 12:42:00 GMT"
87f723ab3d8fdf677dbbb985718622978e7980bb77f3b0ca7029f397203515fd,hhrsd_boe,Henry Hudson Regional School District,minutes,2026-05-13,"May 13, 2026 HHRSD Regular BOE Meeting Minutes",https://4.files.edl.io/d1eb/06/11/26/124133-1d042b2d-eade-490b-9852-f8b95878fbc3.pdf,501620,application/pdf,2026-09-23 14:21:39.931763,https://www.tridistrict.org/apps/pages/index.jsp?uREC_ID=3733528&type=d&pREC_ID=2675269,2026-09-23 14:21:39.931763,200,"""5a834401328a4e91ba4bd850699c473a""","Thu, 11 Jun 2026 12:41:34 GMT"
b97b5fbbbb7a8b69e72e9cb11e371e66bbc2322a9eee234124c8a752b10b4445,hhrsd_boe,Henry Hudson Regional School District,agenda,2026-06-10,"June 10, 2026 HHRSD Annual/Regular BOE Meeting Agenda",https://4.files.edl.io/6bd0/06/10/26/155451-797b0832-7bf7-4f47-9216-bde5805e662f.pdf,737660,application/pdf,2026-09-23 14:21:19.898292,https://www.tridistrict.org/apps/pages/index.jsp?uREC_ID=3733528&type=d&pREC_ID=2675269,2026-09-23 14:21:19.898292,200,"""373c0ff5acab264e739f290b1a7150cc""","Wed, 10 Jun 2026 15:54:52 GMT"
bba01405e4d5231b78a72b61c4efa292c409aaa1a5f91b9a4822ef5f235adece,hhrsd_boe,Henry Hudson Regional School District,minutes,2026-06-10,"June 10, 2026 HHRSD Annual/Regular BOE Meeting Minutes",https://4.files.edl.io/c550/07/23/26/132139-25a5ca54-effe-44d7-96df-4f8f21ec5b1f.pdf,792219,application/pdf,2026-09-23 14:21:41.05821,https://www.tridistrict.org/apps/pages/index.jsp?uREC_ID=3733528&type=d&pREC_ID=2675269,2026-09-23 14:21:41.05821,200,"""1166b5ed41ad79af0fc4894401f053d4""","Thu, 23 Jul 2026 13:21:40 GMT"
4925674a41a694b1e77b219b3096a7d891fe83d009df014d96f30b7ccaedb057,hhrsd_boe,Henry Hudson Regional School District,agenda,2026-07-22,"July 22, 2026 HHRSD Regular BOE Meeting Agenda",https://4.files.edl.io/1113/07/16/26/195758-719a9826-d6c9-40fa-806f-3f57f2fd8e82.pdf,406503,application/pdf,2026-09-23 14:20:54.313414,https://www.tridistrict.org/apps/pages/index.jsp?uREC_ID=3733528&type=d&pREC_ID=2749182,2026-09-23 14:20:54.313414,200,"""2608011273df30b6f039535fd0cb988b""","Thu, 16 Jul 2026 19:57:59 GMT"
ac4b23a0f84b3720eb3ce2fcf8c16da18dd1aff282a7597b0966716cff613b5e,hhrsd_boe,Henry Hudson Regional School District,minutes,2026-07-22,"July 22, 2026 HHRSD Regular BOE Meeting Minutes",https://4.files.edl.io/1c14/08/13/26/201728-92e81e2c-1a45-415a-9e5b-f6137d0deaab.pdf,433554,application/pdf,2026-09-23 14:21:00.26282,https://www.tridistrict.org/apps/pages/index.jsp?uREC_ID=3733528&type=d&pREC_ID=2749182,2026-09-23 14:21:00.26282,200,"""7cfa11d31e6937208417ba6bb18d7c16""","Thu, 13 Aug 2026 20:17:29 GMT"
2a8673abac8e69dcf3dcc03f571fee2622148e48b56e192966ac5b2cbe095099,hhrsd_boe,Henry Hudson Regional School District,agenda,2026-08-19,"August 19, 2026 HHRSD Regular BOE Meeting Agenda",https://4.files.edl.io/70ec/08/13/26/194628-fc6538de-1aa2-490d-ab32-54049999f6f7.pdf,577836,application/pdf,2026-09-23 14:20:57.949797,https://www.tridistrict.org/apps/pages/index.jsp?uREC_ID=3733528&type=d&pREC_ID=2749182,2026-09-23 14:20:57.949797,200,"""f5997cfab97ea442d9f5a0b3fda177f3""","Thu, 13 Aug 2026 19:46:29 GMT"
38e0b7dd58a8def069888f53f5816f07b54c0ab39c5c84929e7a4e50e5b508c3,hhrsd_boe,Henry Hudson Regional School District,minutes,2026-08-19,"August 19, 2026 HHRSD Regular BOE Meeting Minutes",https://4.files.edl.io/0468/09/17/26/134453-64e270ea-f545-4ae3-b3a2-d56c0e195fd2.pdf,626242,application/pdf,2026-09-23 14:21:01.583096,https://www.tridistrict.org/apps/pages/index.jsp?uREC_ID=3733528&type=d&pREC_ID=2749182,2026-09-23 14:21:01.583096,200,"""0b4a6228b3729e7c976721490d76c44b""","Thu, 17 Sep 2026 13:44:54 GMT"
76d8214bcd6ac7e075327a2d7f99784fdadb415ed88b4c4bf92b6f0c088fcee2,hhrsd_boe,Henry Hudson Regional School District,agenda,2026-09-16,"September 16, 2026 HHRSD Regular BOE Meeting Agenda",https://4.files.edl.io/e6fd/09/11/26/182538-9e42fa22-ca20-4e1f-81a5-71c78285d613.pdf,418919,application/pdf,2026-09-23 14:20:59.087488,https://www.tridistrict.org/apps/pages/index.jsp?uREC_ID=3733528&type=d&pREC_ID=2749182,2026-09-23 14:20:59.087488,200,"""082d978152bd9c9975a20f7c6a26b533""","Fri, 11 Sep 2026 18:25:39 GMT"
fff4b1fc9cb1b7698ae8a359c61c3f3eb55f1f5298dbf338400667242e2079d3,hhrsd_boe,Henry Hudson Regional School District,other,,13 Things Board Members Wish People Knew About Them,https://4.files.edl.io/515d/05/17/23/071044-85e26119-640c-4932-8b60-d6ed9053d262.pdf,927863,application/pdf,2026-09-23 14:23:47.168924,https://www.tridistrict.org/apps/pages/index.jsp?uREC_ID=3733528&type=d&pREC_ID=2432532,2026-09-23 14:23:47.168924,200,"""91fdd48b4d742e05c193f284e480b008""","Wed, 17 May 2023 07:10:45 GMT"
365968efed5f4ae80253f45441cd43b4c618833e752a5212fb8c17623027479a,hhrsd_boe,Henry Hudson Regional School District,budget,,2025-2026 HHRSD Approved Budget,https://4.files.edl.io/7300/05/01/25/131202-b12c5f31-8f2d-409d-8842-e4cceaab2d2c.pdf,315815,application/pdf,2026-09-23 14:23:44.164879,https://www.tridistrict.org/apps/pages/index.jsp?uREC_ID=3733528&type=d&pREC_ID=2580048,2026-09-23 14:23:44.164879,200,"""86b9e60936f45fe7818ec8629379d8c0""","Thu, 01 May 2025 13:12:03 GMT"
b7d666165322e49235f3525df76f02b6cde7a3b5893e58495892bdfe58dc2b92,hhrsd_boe,Henry Hudson Regional School District,budget,,2025-2026 HHRSD Budget Presentation-4-30-2025,https://4.files.edl.io/1d68/05/01/25/131202-a5d000e2-53b4-45fa-bedb-b17f5f870089.pdf,603538,application/pdf,2026-09-23 14:23:45.271525,https://www.tridistrict.org/apps/pages/index.jsp?uREC_ID=3733528&type=d&pREC_ID=2580048,2026-09-23 14:23:45.271525,200,"""bef890e45a9935b05ff36a5e11080898""","Thu, 01 May 2025 13:12:03 GMT"
116ccd447f0edfff77ba5d64c6f0037aa166abd85c89d9bf1af26579cafbfcef,hhrsd_boe,Henry Hudson Regional School District,budget,,2026-2027 Budget Presentation - Henry Hudson Regional School District,https://4.files.edl.io/94fc/05/01/26/135423-d5cb3ad8-d235-415f-88b3-67c4faa3b473.pdf,296878,application/pdf,2026-09-23 14:23:41.03064,https://www.tridistrict.org/apps/pages/index.jsp?uREC_ID=3733528&type=d&pREC_ID=2580048,2026-09-23 14:23:41.03064,200,"""9ebd4e0c33f7d363237b565dfb36f5e6""","Fri, 01 May 2026 13:54:24 GMT"
308aba75b643946a19a9989663af0ec1bebc0a018b2687c5c1b29d347363ce19,hhrsd_boe,Henry Hudson Regional School District,budget,,2026-2027 Henry Hudson Regional School District Budget,https://4.files.edl.io/f664/05/01/26/135423-7ee2e05c-7e3e-455b-9adf-56f646f1b160.pdf,326353,application/pdf,2026-09-23 14:23:42.631942,https://www.tridistrict.org/apps/pages/index.jsp?uREC_ID=3733528&type=d&pREC_ID=2580048,2026-09-23 14:23:42.631942,200,"""e7309821e7479a3ab05b622c3af1318e""","Fri, 01 May 2026 13:54:24 GMT"
8f2336704e68ddb55e108f730fd1d45a58a6361e27a74ece8b6940849db35f43,hhrsd_boe,Henry Hudson Regional School District,other,,HHRSCellTower Proposed Location,https://3.files.edl.io/4af1/25/10/10/175106-7ca20ac7-afea-49e2-9523-6c3ceda6d12a.jpg,123107,image/jpeg,2026-09-23 14:21:22.530398,https://www.tridistrict.org/apps/pages/index.jsp?uREC_ID=3733528&type=d&pREC_ID=2675269,2026-09-23 14:21:22.530398,200,"""09ade72fcc853bbe959a048e0c57c779""","Fri, 10 Oct 2025 17:51:07 GMT"
27677c7cb4a9ce28d2bb82c87a99123204594bae79426089a284dade0ccc1f00,hhrsd_boe,Henry Hudson Regional School District,agenda,,"Oct 3, 2023 Special BOE Meeting Agenda",https://4.files.edl.io/d781/07/11/24/175455-4e01637d-fecc-4a2a-a472-67d72c1d1e82.pdf,106748,application/pdf,2026-09-23 14:22:58.390046,https://www.tridistrict.org/apps/pages/index.jsp?uREC_ID=3733528&type=d&pREC_ID=2593280,2026-09-23 14:22:58.390046,200,"""3245f84810c2cb9ea131eb5b47fdda12""","Thu, 11 Jul 2024 17:54:56 GMT"
55b541e0f624842bfa3ca5348a441f4ca87d57955b06fa08cdf021bcdaecd593,hhrsd_boe,Henry Hudson Regional School District,other,,Special Meeting Public Notice 6.25.25 cancelled,https://4.files.edl.io/8baf/06/24/25/151514-5a523fe0-facb-4fa7-a04a-ca8a864b35f8.pdf,633368,application/pdf,2026-09-23 14:22:28.329891,https://www.tridistrict.org/apps/pages/index.jsp?uREC_ID=3733528&type=d&pREC_ID=2593279,2026-09-23 14:22:28.329891,200,"""295d8f04ab00e87c40af3caf59bf6d8f""","Tue, 24 Jun 2025 15:15:15 GMT"
10e36498509cfed53ab1b5dc59087c8efd4c8a3e3c3a89ba9853203c4268c982,highlands,Borough of Highlands,agenda,,"",https://mccmeetings.blob.core.usgovcloudapi.net/hboroughnj-pubu/MEET-Agenda-af1908e45c6d45029654255195cccca6.pdf,590178,application/pdf,2026-09-23 14:51:11.165351,https://highlands-nj.municodemeetings.com/,2026-09-23 14:51:11.165351,200,0x8DF17E84896815E,"Mon, 21 Sep 2026 13:57:32 GMT"
db9ec52dbd1bb5bbaf9e33f531a02824e56d17856bf02e713539cdf3437ef73b,highlands,Borough of Highlands,agenda,,"",https://mccmeetings.blob.core.usgovcloudapi.net/hboroughnj-pubu/MEET-Packet-af1908e45c6d45029654255195cccca6.pdf,33051396,application/pdf,2026-09-23 14:51:13.117095,https://highlands-nj.municodemeetings.com/,2026-09-23 14:51:13.117095,200,0x8DF17E82E7E2AF3,"Mon, 21 Sep 2026 13:56:48 GMT"
676085475f3689492fc3564a4e18da0e99310ce9424fa65aaa7726cf20cca2d1,highlands,Borough of Highlands,agenda,,"",https://mccmeetings.blob.core.usgovcloudapi.net/hboroughnj-pubu/MEET-Agenda-1225f777f40e4c74a25c824a64052d06.pdf,482031,application/pdf,2026-09-23 14:51:16.410771,https://highlands-nj.municodemeetings.com/,2026-09-23 14:51:16.410771,200,0x8DF1367C2984FBF,"Tue, 15 Sep 2026 20:27:27 GMT"
cced1c54ec46b55d15bfcd8c59497738dc51e80c9015847d666fecc847ce87ae,highlands,Borough of Highlands,agenda,,"",https://mccmeetings.blob.core.usgovcloudapi.net/hboroughnj-pubu/MEET-Packet-1225f777f40e4c74a25c824a64052d06.pdf,3140263,application/pdf,2026-09-23 14:51:17.58029,https://highlands-nj.municodemeetings.com/,2026-09-23 14:51:17.58029,200,0x8DF1367E99CD734,"Tue, 15 Sep 2026 20:28:33 GMT"
ad7359080d7149a30f63ad20121447bf447bb8264ad3da0bba2ff95ccb39b939,highlands,Borough of Highlands,other,,"",https://mccmeetingspublic.blob.core.usgovcloudapi.net/hboroughnj-meet-1225f777f40e4c74a25c824a64052d06/ITEM-Attachment-001-62bf5d41a5ec4d56be0cf7c4b07a682d.pdf,540746,application/pdf,2026-09-23 14:51:18.890919,https://highlands-nj.municodemeetings.com/,2026-09-23 14:51:18.890919,200,0x8DF1367D4C0533D,"Tue, 15 Sep 2026 20:27:58 GMT"
a7567c500fba113c75abc716dc78b12ae41e4e16aa72baac7e42587afefda0dd,highlands,Borough of Highlands,agenda,,"",https://mccmeetings.blob.core.usgovcloudapi.net/hboroughnj-pubu/MEET-Agenda-4c2cd06e696d435285eff943b1bb04fb.pdf,597088,application/pdf,2026-09-23 14:51:20.990301,https://highlands-nj.municodemeetings.com/,2026-09-23 14:51:20.990301,200,0x8DF084477CFC021,"Tue, 01 Sep 2026 16:17:07 GMT"
ef31b0995265370610c87aea60606d84fa44f9e8b43a031b8109abbb5cc0956d,highlands,Borough of Highlands,agenda,,"",https://mccmeetings.blob.core.usgovcloudapi.net/hboroughnj-pubu/MEET-Packet-4c2cd06e696d435285eff943b1bb04fb.pdf,2109725,application/pdf,2026-09-23 14:51:22.161862,https://highlands-nj.municodemeetings.com/,2026-09-23 14:51:22.161862,200,0x8DF09CB6CDBF5BC,"Thu, 03 Sep 2026 14:55:41 GMT"
54c6feddb82cbbca3b1f02a8cf0e3d9d396c4f7da690c38afeb6d617e751c82a,highlands,Borough of Highlands,agenda,,"",https://mccmeetings.blob.core.usgovcloudapi.net/hboroughnj-pubu/MEET-Agenda-a73d4c0d5b664da787bd8952325c0c37.pdf,486819,application/pdf,2026-09-23 14:51:23.397345,https://highlands-nj.municodemeetings.com/,2026-09-23 14:51:23.397345,200,0x8DF0924F9BBF3AA,"Wed, 02 Sep 2026 19:04:12 GMT"
34ffabcf11ee99ae7ce055adef16c558786608f99d02303a25993e623627f0df,highlands,Borough of Highlands,agenda,,"",https://mccmeetings.blob.core.usgovcloudapi.net/hboroughnj-pubu/MEET-Packet-a73d4c0d5b664da787bd8952325c0c37.pdf,4141048,application/pdf,2026-09-23 14:51:24.535215,https://highlands-nj.municodemeetings.com/,2026-09-23 14:51:24.535215,200,0x8DF0928D3CE2CD9,"Wed, 02 Sep 2026 19:31:46 GMT"
d3820cde0999905943e5ef4ab557ebf347a19232c00740b8b59bf3759c445a32,highlands,Borough of Highlands,other,,"",https://mccmeetingspublic.blob.core.usgovcloudapi.net/hboroughnj-meet-a73d4c0d5b664da787bd8952325c0c37/ITEM-Attachment-001-2bdda7ced49940979ba8a49204998da9.pdf,405839,application/pdf,2026-09-23 14:51:25.910002,https://highlands-nj.municodemeetings.com/,2026-09-23 14:51:25.910002,200,0x8DF0900990E86C5,"Wed, 02 Sep 2026 14:43:48 GMT"
500169f064cd4ceabf665bde9a2872176ebda15f9ab23c9c06a2ac25749780ca,highlands,Borough of Highlands,agenda,,"",https://mccmeetings.blob.core.usgovcloudapi.net/hboroughnj-pubu/MEET-Agenda-faf6cafe7d784f5eb43c530a95aebdab.pdf,495488,application/pdf,2026-09-23 14:51:27.059501,https://highlands-nj.municodemeetings.com/,2026-09-23 14:51:27.059501,200,0x8DEFE2C7C88AA68,"Wed, 19 Aug 2026 20:00:15 GMT"
e57e17d592686b7df27f1c62ddbbd304ddb67b52eb1026fa5510626772381e43,highlands,Borough of Highlands,agenda,,"",https://mccmeetings.blob.core.usgovcloudapi.net/hboroughnj-pubu/MEET-Packet-faf6cafe7d784f5eb43c530a95aebdab.pdf,9969780,application/pdf,2026-09-23 14:51:28.226181,https://highlands-nj.municodemeetings.com/,2026-09-23 14:51:28.226181,200,0x8DEFE2DE8194DB6,"Wed, 19 Aug 2026 20:10:25 GMT"
5635b02308704e3a8a46c60207d793e5251948f0d1f29c88fb9074f2a393a249,highlands,Borough of Highlands,other,,"",https://mccmeetingspublic.blob.core.usgovcloudapi.net/hboroughnj-meet-faf6cafe7d784f5eb43c530a95aebdab/ITEM-Attachment-001-c3bccd5bf5b14d4caef70e77f926e9aa.pdf,1184727,application/pdf,2026-09-23 14:51:30.088424,https://highlands-nj.municodemeetings.com/,2026-09-23 14:51:30.088424,200,0x8DEFE2DD4B4B290,"Wed, 19 Aug 2026 20:09:52 GMT"
7f8fe426e671db9d32995fb3263364598adf18a3f9da20aea96d9c2c4d931bf6,highlands,Borough of Highlands,agenda,,"",https://mccmeetings.blob.core.usgovcloudapi.net/hboroughnj-pubu/MEET-Agenda-ec35ec2052be4c3096c089129a0c6230.pdf,604837,application/pdf,2026-09-23 14:51:31.26296,https://highlands-nj.municodemeetings.com/,2026-09-23 14:51:31.26296,200,0x8DEF7B9EA4E6AF2,"Tue, 11 Aug 2026 15:05:00 GMT"
cc0a72f2db5c52fb18f2227625c0cae52ab8846d9930732ab442d56c4c5064ae,highlands,Borough of Highlands,agenda,,"",https://mccmeetings.blob.core.usgovcloudapi.net/hboroughnj-pubu/MEET-Packet-ec35ec2052be4c3096c089129a0c6230.pdf,3589080,application/pdf,2026-09-23 14:51:32.429902,https://highlands-nj.municodemeetings.com/,2026-09-23 14:51:32.429902,200,0x8DEF7C7A0E3FC22,"Tue, 11 Aug 2026 16:43:10 GMT"
c14681c862d9194f068ecbc516e8a30b99d8f73d50d6909b1125499773b06fb0,highlands,Borough of Highlands,minutes,,"",https://highlands-nj.municodemeetings.com/sites/highlands-nj.municodemeetings.com/files/fileattachments/land_use_board/meeting/7619/08-13-2026_lub_minutes.pdf,398931,application/pdf,2026-09-23 14:51:33.847159,https://highlands-nj.municodemeetings.com/,2026-09-23 14:51:33.847159,200,"""61653-65b342ff859c0""","Fri, 11 Sep 2026 12:26:01 GMT"
c93a25f5fd51325d6a3ee8a4253c232ab0c2107c23f7125745fc6772de9fe06a,highlands,Borough of Highlands,agenda,,"",https://mccmeetings.blob.core.usgovcloudapi.net/hboroughnj-pubu/MEET-Agenda-e5498e813b924862941065388f6fe32e.pdf,495482,application/pdf,2026-09-23 14:51:35.471077,https://highlands-nj.municodemeetings.com/,2026-09-23 14:51:35.471077,200,0x8DEE29210CC4157,"Wed, 15 Jul 2026 16:56:50 GMT"
ce30491e6931ee12b1b42a20331ac970408a2b9242ba2b52f68a710da7f558f7,highlands,Borough of Highlands,agenda,,"",https://mccmeetings.blob.core.usgovcloudapi.net/hboroughnj-pubu/MEET-Packet-e5498e813b924862941065388f6fe32e.pdf,18314401,application/pdf,2026-09-23 14:51:36.640096,https://highlands-nj.municodemeetings.com/,2026-09-23 14:51:36.640096,200,0x8DEE2B3C6C53238,"Wed, 15 Jul 2026 20:58:09 GMT"
c8ac143b9bed678261920abae8a7f441a0c2df4b1686263065c6f7096adc6adc,highlands,Borough of Highlands,other,,"",https://mccmeetingspublic.blob.core.usgovcloudapi.net/hboroughnj-meet-e5498e813b924862941065388f6fe32e/ITEM-Attachment-001-8d8393e96a2a4367b48431d6ce400067.pdf,863318,application/pdf,2026-09-23 14:51:39.37326,https://highlands-nj.municodemeetings.com/,2026-09-23 14:51:39.37326,200,0x8DEE2B3BD30EFFB,"Wed, 15 Jul 2026 20:57:53 GMT"
9ca68229af4c78ad71e3a0d78efdafd0998264cf7ed9cead804e54103cb80258,highlands,Borough of Highlands,other,,"",https://ecode360.com/HI4100/document/753277851.pdf,1314115,application/pdf,2026-09-23 14:51:40.519522,https://highlands-nj.municodemeetings.com/,2026-09-23 14:51:40.519522,200,,
1b6ba37b21c15f7840a4af127d95ff35013c8246b9bbfb1cbc3b336da6772993,highlands,Borough of Highlands,agenda,,"",https://mccmeetings.blob.core.usgovcloudapi.net/hboroughnj-pubu/MEET-Agenda-1f1e05bb0046432dbdae878d8a9f6575.pdf,599820,application/pdf,2026-09-23 14:51:41.942755,https://highlands-nj.municodemeetings.com/,2026-09-23 14:51:41.942755,200,0x8DEF7B9DE4E9B77,"Tue, 11 Aug 2026 15:04:40 GMT"
15053259cf76e8b918702b19f1b09b0a3353c0a384fb4d9e1ce042502594f62b,highlands,Borough of Highlands,agenda,,"",https://mccmeetings.blob.core.usgovcloudapi.net/hboroughnj-pubu/MEET-Packet-1f1e05bb0046432dbdae878d8a9f6575.pdf,2211059,application/pdf,2026-09-23 14:51:43.108787,https://highlands-nj.municodemeetings.com/,2026-09-23 14:51:43.108787,200,0x8DEDCFC8D8C57BD,"Wed, 08 Jul 2026 14:23:59 GMT"
6b13287e9cdd577592a3f5418c32548207f6c98560dae016b4b8fa5f1bc002e0,highlands,Borough of Highlands,minutes,,"",https://highlands-nj.municodemeetings.com/sites/highlands-nj.municodemeetings.com/files/fileattachments/land_use_board/meeting/7618/07-09-2026_lub_minutes.pdf,383866,application/pdf,2026-09-23 14:51:44.379723,https://highlands-nj.municodemeetings.com/,2026-09-23 14:51:44.379723,200,"""5db7a-659025b10cfb8""","Fri, 14 Aug 2026 14:08:32 GMT"
cf62d8cb12120055ffaddd137af748fdc3f0194914b9191e13c3620e71bd7067,highlands,Borough of Highlands,agenda,,"",https://mccmeetings.blob.core.usgovcloudapi.net/hboroughnj-pubu/MEET-Agenda-f35add11ef114fc5bcea6ef34e1bee14.pdf,589803,application/pdf,2026-09-23 14:51:46.059252,https://highlands-nj.municodemeetings.com/,2026-09-23 14:51:46.059252,200,0x8DED1270FEF8AA2,"Tue, 23 Jun 2026 12:58:03 GMT"
49eba1ae7847d796524703a83050bd358b1e994f2877881c2d52dd09a3a9c56d,highlands,Borough of Highlands,agenda,,"",https://mccmeetings.blob.core.usgovcloudapi.net/hboroughnj-pubu/MEET-Packet-f35add11ef114fc5bcea6ef34e1bee14.pdf,34824251,application/pdf,2026-09-23 14:51:47.221208,https://highlands-nj.municodemeetings.com/,2026-09-23 14:51:47.221208,200,0x8DED13344C47907,"Tue, 23 Jun 2026 14:25:26 GMT"
5e34c8f26432321ee92507789e7c6d2bfa4496e175d5f43d60e4a056382649a1,highlands,Borough of Highlands,minutes,,"",https://highlands-nj.municodemeetings.com/sites/highlands-nj.municodemeetings.com/files/fileattachments/land_use_board/meeting/7664/06-25-2026_lub_special_meeting_minutes.pdf,381350,application/pdf,2026-09-23 14:51:50.776269,https://highlands-nj.municodemeetings.com/,2026-09-23 14:51:50.776269,200,"""5d1a6-6564211df2d48""","Fri, 10 Jul 2026 13:53:47 GMT"
4d7404b6e16d61556a380450f012a32745bd652abd40a39ce3d6c0f9cc113f87,highlands,Borough of Highlands,agenda,,"",https://mccmeetings.blob.core.usgovcloudapi.net/hboroughnj-pubu/MEET-Agenda-9ee1b61889c5484993c8e26050ace69e.pdf,491992,application/pdf,2026-09-23 14:51:52.122572,https://highlands-nj.municodemeetings.com/,2026-09-23 14:51:52.122572,200,0x8DECBDF232E5AE6,"Tue, 16 Jun 2026 19:40:36 GMT"
0f1f86ad0d1c0aa3d85ee45cb087cec01b5a77d458684213aa39b8b2b1ba1164,highlands,Borough of Highlands,agenda,,"",https://mccmeetings.blob.core.usgovcloudapi.net/hboroughnj-pubu/MEET-Packet-9ee1b61889c5484993c8e26050ace69e.pdf,7762285,application/pdf,2026-09-23 14:51:53.289531,https://highlands-nj.municodemeetings.com/,2026-09-23 14:51:53.289531,200,0x8DECBDF30FB3D8F,"Tue, 16 Jun 2026 19:40:59 GMT"
e5b24f2284161fe2e7a5e9d66065539227237f71109540bf03f4956d49fb2df2,highlands,Borough of Highlands,other,,"",https://highlandsnj.gov/wp-content/uploads/2026/06/Kavookjian-Field-Infrastructure-Improvements-Presentation-20260617.pdf,9639108,application/pdf,2026-09-23 14:51:54.922013,https://highlands-nj.municodemeetings.com/,2026-09-23 14:51:54.922013,200,"""6a42b17f-9314c4""","Mon, 29 Jun 2026 17:55:11 GMT"
0f97695095aa91f00e824d53358377f66c4b0f60a5a14cdba227dee972d2f36f,highlands,Borough of Highlands,other,,"",https://mccmeetingspublic.blob.core.usgovcloudapi.net/hboroughnj-meet-9ee1b61889c5484993c8e26050ace69e/ITEM-Attachment-001-4460174421e34649b88044d67c7e75ce.pdf,566115,application/pdf,2026-09-23 14:51:56.401181,https://highlands-nj.municodemeetings.com/,2026-09-23 14:51:56.401181,200,0x8DECBDF2E73F2B1,"Tue, 16 Jun 2026 19:40:55 GMT"
96d4558525ae0c73622efb5a74f8628bf4a6c5d34139205e89ea915c03bbb275,highlands,Borough of Highlands,agenda,,"",https://mccmeetings.blob.core.usgovcloudapi.net/hboroughnj-pubu/MEET-Agenda-8d032ea3505d4ab8b5d78c7ab93592ac.pdf,613906,application/pdf,2026-09-23 14:51:58.629307,https://highlands-nj.municodemeetings.com/,2026-09-23 14:51:58.629307,200,0x8DEC31A0AF17AB7,"Fri, 05 Jun 2026 15:49:35 GMT"
ae608a169f2809bd5e07a74e4c8415b87c7f9a849e011f3c951f029ffbd8a05a,highlands,Borough of Highlands,agenda,,"",https://mccmeetings.blob.core.usgovcloudapi.net/hboroughnj-pubu/MEET-Packet-8d032ea3505d4ab8b5d78c7ab93592ac.pdf,3777454,application/pdf,2026-09-23 14:51:59.786215,https://highlands-nj.municodemeetings.com/,2026-09-23 14:51:59.786215,200,0x8DEC7B67190AFE8,"Thu, 11 Jun 2026 12:39:13 GMT"
43727c3e2ddb4cadbe9d3f8044ae3a02a46149fd5e77479890a8639279b11079,highlands,Borough of Highlands,minutes,,"",https://highlands-nj.municodemeetings.com/sites/highlands-nj.municodemeetings.com/files/fileattachments/land_use_board/meeting/7617/06-11-2026_lub_minutes.pdf,372432,application/pdf,2026-09-23 14:52:01.103075,https://highlands-nj.municodemeetings.com/,2026-09-23 14:52:01.103075,200,"""5aed0-656420ebe6930""","Fri, 10 Jul 2026 13:52:55 GMT"
2967bea90b60d9eb40655a122c4ec56a677607e7c29384fe7508141e9c47958f,highlands,Borough of Highlands,agenda,,"",https://mccmeetings.blob.core.usgovcloudapi.net/hboroughnj-pubu/MEET-Agenda-d8018ccbf17b48e0a5a14f4b9fa71073.pdf,488810,application/pdf,2026-09-23 14:52:02.723209,https://highlands-nj.municodemeetings.com/,2026-09-23 14:52:02.723209,200,0x8DEC18FC6185E01,"Wed, 03 Jun 2026 16:47:18 GMT"
f676ed0d6b136d8f6651b1fb2b4aaaae0d143611113e725f37096bf6d122ad38,highlands,Borough of Highlands,agenda,,"",https://mccmeetings.blob.core.usgovcloudapi.net/hboroughnj-pubu/MEET-Packet-d8018ccbf17b48e0a5a14f4b9fa71073.pdf,6525244,application/pdf,2026-09-23 14:52:03.909312,https://highlands-nj.municodemeetings.com/,2026-09-23 14:52:03.909312,200,0x8DEC1CDBE30AEB0,"Thu, 04 Jun 2026 00:10:53 GMT"
1cf6cf3aedf673fb023282199571800ab28ac19e591b2b936473b08f167e7bde,highlands,Borough of Highlands,other,,"",https://mccmeetingspublic.blob.core.usgovcloudapi.net/hboroughnj-meet-d8018ccbf17b48e0a5a14f4b9fa71073/ITEM-Attachment-001-5a90bb414f654ff8a60af12be3577e5e.pdf,752739,application/pdf,2026-09-23 14:52:05.428396,https://highlands-nj.municodemeetings.com/,2026-09-23 14:52:05.428396,200,0x8DEC1CDB7E96A06,"Thu, 04 Jun 2026 00:10:43 GMT"
7efa12b2afc2320b5ad7885c40c7ef1f4c380e96cfedf88fc79ea5006835ad18,highlands,Borough of Highlands,other,,"",https://ecode360.com/HI4100/document/753265913.pdf,785556,application/pdf,2026-09-23 14:52:06.563386,https://highlands-nj.municodemeetings.com/,2026-09-23 14:52:06.563386,200,,
7faf6116dd6f2b2d29a7f513937d44350f1eae0c74835d8542cccd682bb19208,highlands,Borough of Highlands,agenda,,"",https://mccmeetings.blob.core.usgovcloudapi.net/hboroughnj-pubu/MEET-Agenda-c3236a3aa20d48199dcdf57fb1586d88.pdf,490900,application/pdf,2026-09-23 14:52:07.758352,https://highlands-nj.municodemeetings.com/,2026-09-23 14:52:07.758352,200,0x8DEB6B9D582637E,"Wed, 20 May 2026 21:50:40 GMT"
82e9c0f751545a090e2d728b322b972ac6cb4a60bb2c170b18f06627edf29cca,highlands,Borough of Highlands,agenda,,"",https://mccmeetings.blob.core.usgovcloudapi.net/hboroughnj-pubu/MEET-Packet-c3236a3aa20d48199dcdf57fb1586d88.pdf,10544620,application/pdf,2026-09-23 14:52:08.927782,https://highlands-nj.municodemeetings.com/,2026-09-23 14:52:08.927782,200,0x8DEB6B9D6BE20EE,"Wed, 20 May 2026 21:50:42 GMT"
8607735e36a536bbe1f3c73424a9f035615ce3cee890eac3084efe32e59c0f6d,highlands,Borough of Highlands,other,,"",https://mccmeetingspublic.blob.core.usgovcloudapi.net/hboroughnj-meet-c3236a3aa20d48199dcdf57fb1586d88/ITEM-Attachment-001-20a544934b5c4fb09d5723b301ba17b6.pdf,534532,application/pdf,2026-09-23 14:52:10.637969,https://highlands-nj.municodemeetings.com/,2026-09-23 14:52:10.637969,200,0x8DEB6AD76799529,"Wed, 20 May 2026 20:22:06 GMT"
d4a87327626f62d1abaa0b4a243ba0fb7f72bd66166f98618d6f4d3f5039e001,highlands,Borough of Highlands,minutes,,"",https://highlands-nj.municodemeetings.com/sites/highlands-nj.municodemeetings.com/files/fileattachments/borough_council/meeting/7655/05-20-2026_meeting_minutes.pdf,1113191,application/pdf,2026-09-23 14:52:11.775053,https://highlands-nj.municodemeetings.com/,2026-09-23 14:52:11.775053,200,"""10fc67-653fcf88654a8""","Thu, 11 Jun 2026 16:37:06 GMT"
7fe139d2cef90d53a45b29dd39d26ffc5a4d573786fc6aa3b7455c4336490678,highlands,Borough of Highlands,agenda,,"",https://mccmeetings.blob.core.usgovcloudapi.net/hboroughnj-pubu/MEET-Agenda-7e0380c81a2147549bd8bedf0254290d.pdf,618644,application/pdf,2026-09-23 14:52:13.502612,https://highlands-nj.municodemeetings.com/,2026-09-23 14:52:13.502612,200,0x8DEBCC52833AFDD,"Thu, 28 May 2026 14:26:50 GMT"
49ff13ee82cfc564cbc88c56f942ec74ec966766b486474976b5ba8435d4d573,highlands,Borough of Highlands,agenda,,"",https://mccmeetings.blob.core.usgovcloudapi.net/hboroughnj-pubu/MEET-Packet-7e0380c81a2147549bd8bedf0254290d.pdf,618665,application/pdf,2026-09-23 14:52:14.698573,https://highlands-nj.municodemeetings.com/,2026-09-23 14:52:14.698573,200,0x8DEBCCA55E9E8A5,"Thu, 28 May 2026 15:03:54 GMT"
e30ee5f6b56d3ae3ff2b73a54a4a63c168ed3c8e1e9a2030948373cef28ea2e4,highlands,Borough of Highlands,minutes,,"",https://highlands-nj.municodemeetings.com/sites/highlands-nj.municodemeetings.com/files/fileattachments/land_use_board/meeting/7616/05-14-2026_lub_minutes.pdf,382043,application/pdf,2026-09-23 14:52:15.845457,https://highlands-nj.municodemeetings.com/,2026-09-23 14:52:15.845457,200,"""5d45b-6540de9fce120""","Fri, 12 Jun 2026 12:49:57 GMT"
3a7aa36eb86722b49d3a117310cfc1acb02e24d3c25cc497d71f498b31c46d2b,highlands,Borough of Highlands,agenda,,"",https://mccmeetings.blob.core.usgovcloudapi.net/hboroughnj-pubu/MEET-Agenda-23f77eb06e2e4ad785f204096dfe5202.pdf,492010,application/pdf,2026-09-23 14:52:17.27174,https://highlands-nj.municodemeetings.com/,2026-09-23 14:52:17.27174,200,0x8DEAB9A8410F731,"Wed, 06 May 2026 18:08:46 GMT"
9c059ac14d161d85977a257c7f91656ac306bbd2f88b37fb34e0fc3d919ea93c,highlands,Borough of Highlands,agenda,,"",https://mccmeetings.blob.core.usgovcloudapi.net/hboroughnj-pubu/MEET-Packet-23f77eb06e2e4ad785f204096dfe5202.pdf,10127613,application/pdf,2026-09-23 14:52:18.432837,https://highlands-nj.municodemeetings.com/,2026-09-23 14:52:18.432837,200,0x8DEABA861892940,"Wed, 06 May 2026 19:48:01 GMT"
a3355a1ec63a659626de7059293b9881279942b7b2da6eb88dfa189317f43c74,highlands,Borough of Highlands,other,,"",https://mccmeetingspublic.blob.core.usgovcloudapi.net/hboroughnj-meet-23f77eb06e2e4ad785f204096dfe5202/ITEM-Attachment-001-0f9824b2e0a1414cadc79b0855c88641.pdf,5022205,application/pdf,2026-09-23 14:52:20.17597,https://highlands-nj.municodemeetings.com/,2026-09-23 14:52:20.17597,200,0x8DEABA85DEDEBA0,"Wed, 06 May 2026 19:47:55 GMT"
c1931dd269a93937109fe4a09ee5f111f8011692aeb2e476e0be70f0665c9443,highlands,Borough of Highlands,other,,"",https://ecode360.com/HI4100/document/753260160.pdf,748450,application/pdf,2026-09-23 14:52:21.436184,https://highlands-nj.municodemeetings.com/,2026-09-23 14:52:21.436184,200,,
aa60732f7f6768750b08ac90f4a86a47a16ad35e9a675c1e571e5c13ba1cdef7,highlands,Borough of Highlands,agenda,,"",https://mccmeetings.blob.core.usgovcloudapi.net/hboroughnj-pubu/MEET-Agenda-3ab76b4b77634716beffa0168128b8e4.pdf,485585,application/pdf,2026-09-23 14:52:22.622916,https://highlands-nj.municodemeetings.com/,2026-09-23 14:52:22.622916,200,0x8DE9B2E5CAF9EF3,"Wed, 15 Apr 2026 20:34:15 GMT"
ff6db972dc164b70498927184aa29355771a60f055679dbcf21d0c00bd944496,highlands,Borough of Highlands,agenda,,"",https://mccmeetings.blob.core.usgovcloudapi.net/hboroughnj-pubu/MEET-Packet-3ab76b4b77634716beffa0168128b8e4.pdf,7473008,application/pdf,2026-09-23 14:52:23.774671,https://highlands-nj.municodemeetings.com/,2026-09-23 14:52:23.774671,200,0x8DE9B317DDE8E69,"Wed, 15 Apr 2026 20:56:40 GMT"
ce95ddddf0649d9e92c3a2ca7daf882165a410aa447654cea8137615fe87530e,highlands,Borough of Highlands,other,,"",https://mccmeetingspublic.blob.core.usgovcloudapi.net/hboroughnj-meet-3ab76b4b77634716beffa0168128b8e4/ITEM-Attachment-001-8e68e268daa54042ab9a3707c3b25959.pdf,485385,application/pdf,2026-09-23 14:52:25.42146,https://highlands-nj.municodemeetings.com/,2026-09-23 14:52:25.42146,200,0x8DE9B30D58602B4,"Wed, 15 Apr 2026 20:51:57 GMT"
827649e530e8a8031262b5a63441e4d7c2bb206259a6322fe62b8eca4ef622f4,highlands,Borough of Highlands,other,,"",https://ecode360.com/HI4100/document/753260161.pdf,989690,application/pdf,2026-09-23 14:52:26.556691,https://highlands-nj.municodemeetings.com/,2026-09-23 14:52:26.556691,200,,
5b851d70a6f3391386390b194e68100e4827f02dc7024b608e2e0a8abb63a996,highlands,Borough of Highlands,agenda,,"",https://highlands-nj.municodemeetings.com/sites/highlands-nj.municodemeetings.com/files/fileattachments/land_use_board/meeting/7615/04-09-2026_lub_agenda_-_cancelled.pdf,283667,application/pdf,2026-09-23 14:52:27.755252,https://highlands-nj.municodemeetings.com/,2026-09-23 14:52:27.755252,200,"""45413-651b7beea15c8""","Wed, 13 May 2026 19:11:24 GMT"
a18e437ad6c6f58bba0e572ac11b54fbf67125d1f82352bbf9a783f9cad64bc0,highlands,Borough of Highlands,agenda,,"",https://mccmeetings.blob.core.usgovcloudapi.net/hboroughnj-pubu/MEET-Agenda-6f963349559b4b6c87704095c8ca5d17.pdf,489628,application/pdf,2026-09-23 14:52:29.362719,https://highlands-nj.municodemeetings.com/,2026-09-23 14:52:29.362719,200,0x8DE9023FF9D0202,"Wed, 01 Apr 2026 19:22:21 GMT"
4054cb0fffb3dd9c59a5d0ee48f6c9e5cc01618b23ec221cd964ff4ce7c78eeb,highlands,Borough of Highlands,agenda,,"",https://mccmeetings.blob.core.usgovcloudapi.net/hboroughnj-pubu/MEET-Packet-6f963349559b4b6c87704095c8ca5d17.pdf,5032283,application/pdf,2026-09-23 14:52:30.544611,https://highlands-nj.municodemeetings.com/,2026-09-23 14:52:30.544611,200,0x8DE9023FED62593,"Wed, 01 Apr 2026 19:22:20 GMT"
eb137bd727f29cad12a1f1013f6f9e594b58b80a401873ecfd07f4a0eb462560,highlands,Borough of Highlands,other,,"",https://mccmeetingspublic.blob.core.usgovcloudapi.net/hboroughnj-meet-6f963349559b4b6c87704095c8ca5d17/ITEM-Attachment-001-433f580d186d4acbacecca0c3d9ba1b1.pdf,539864,application/pdf,2026-09-23 14:52:32.050793,https://highlands-nj.municodemeetings.com/,2026-09-23 14:52:32.050793,200,0x8DE9023F3800399,"Wed, 01 Apr 2026 19:22:01 GMT"
8076c0525b1f95b085442ae38fcce292b51e44c4cb5648359d6e48ec4ab9d92f,highlands,Borough of Highlands,other,,"",https://ecode360.com/HI4100/document/753248952.pdf,857975,application/pdf,2026-09-23 14:52:33.193125,https://highlands-nj.municodemeetings.com/,2026-09-23 14:52:33.193125,200,,
390cfae80ec7165c67fea110672981a2f3637684c609b35edb9df57ef75e4262,highlands,Borough of Highlands,agenda,,"",https://mccmeetings.blob.core.usgovcloudapi.net/hboroughnj-pubu/MEET-Agenda-dddb3b7b29fa488caaccdb81e89d594d.pdf,485799,application/pdf,2026-09-23 14:52:34.394199,https://highlands-nj.municodemeetings.com/,2026-09-23 14:52:34.394199,200,0x8DE850748B37409,"Wed, 18 Mar 2026 15:59:06 GMT"
eb2b8fb299ba4681ae9a143750833c1785a60a921e21c6261ba10bc562ea9bcb,highlands,Borough of Highlands,agenda,,"",https://mccmeetings.blob.core.usgovcloudapi.net/hboroughnj-pubu/MEET-Packet-dddb3b7b29fa488caaccdb81e89d594d.pdf,3231466,application/pdf,2026-09-23 14:52:35.552794,https://highlands-nj.municodemeetings.com/,2026-09-23 14:52:35.552794,200,0x8DE8507480D3A6B,"Wed, 18 Mar 2026 15:59:05 GMT"
7cad184f88212e6b671c33598872373b4b8f9e74b116f255fb45f9ebbc8b07c4,highlands,Borough of Highlands,other,,"",https://mccmeetingspublic.blob.core.usgovcloudapi.net/hboroughnj-meet-dddb3b7b29fa488caaccdb81e89d594d/ITEM-Attachment-001-30955a99cbdf481d9b11d6dc8474c69f.pdf,481685,application/pdf,2026-09-23 14:52:36.868064,https://highlands-nj.municodemeetings.com/,2026-09-23 14:52:36.868064,200,0x8DE850736737DD2,"Wed, 18 Mar 2026 15:58:35 GMT"
c0139ed134806a06d549c77c63a26177fcec2795c9b1bfb1b4f46f311bcbc349,highlands,Borough of Highlands,other,,"",https://ecode360.com/HI4100/document/753244040.pdf,692003,application/pdf,2026-09-23 14:52:37.98965,https://highlands-nj.municodemeetings.com/,2026-09-23 14:52:37.98965,200,,
dd5b5e39fcce164b7080a61bad395957a669532f914b6f5eb1b177669100b395,highlands,Borough of Highlands,agenda,,"",https://mccmeetings.blob.core.usgovcloudapi.net/hboroughnj-pubu/MEET-Agenda-9264d8c0b3d14e30b181e89453c19b04.pdf,482855,application/pdf,2026-09-23 14:52:39.174936,https://highlands-nj.municodemeetings.com/,2026-09-23 14:52:39.174936,200,0x8DE807842E01DF5,"Thu, 12 Mar 2026 20:45:13 GMT"
5d837fd0920a2d80f4461aeac2735cd3ee82b4d98235ed697da1ae41e2f60718,highlands,Borough of Highlands,agenda,,"",https://mccmeetings.blob.core.usgovcloudapi.net/hboroughnj-pubu/MEET-Packet-9264d8c0b3d14e30b181e89453c19b04.pdf,4118867,application/pdf,2026-09-23 14:52:40.338562,https://highlands-nj.municodemeetings.com/,2026-09-23 14:52:40.338562,200,0x8DE809347042F6A,"Thu, 12 Mar 2026 23:58:37 GMT"
29f91e5bb0c6b00e439e69ec9c4ad095f3d75d1be580fbc1c76c8be892441bee,highlands,Borough of Highlands,other,,"",https://ecode360.com/HI4100/document/753239660.pdf,756352,application/pdf,2026-09-23 14:52:41.71259,https://highlands-nj.municodemeetings.com/,2026-09-23 14:52:41.71259,200,,
7b5c8517a98fc2a31e1551375d3a96193d597328551c11c8d8ddf0b1c8c206d6,highlands,Borough of Highlands,agenda,,"",https://highlands-nj.municodemeetings.com/sites/highlands-nj.municodemeetings.com/files/fileattachments/land_use_board/meeting/7609/03-12-2026_lub_agenda.pdf,320437,application/pdf,2026-09-23 14:52:42.921362,https://highlands-nj.municodemeetings.com/,2026-09-23 14:52:42.921362,200,"""4e3b5-651b82122e418""","Wed, 13 May 2026 19:38:52 GMT"
386bdba4f3b3e1af8f9e22617909ea7c12aa6bae284783f9246505233f2f243b,highlands,Borough of Highlands,bid,,2026 Administrative Agent RFP Specs,https://highlandsnj.gov/wp-content/uploads/2025/11/2026-Administrative-Agent-RFP-Specs.pdf,207787,application/pdf,2026-09-23 14:51:09.518351,https://highlandsnj.gov/bids-and-rfps/,2026-09-23 14:51:09.518351,200,"""6914d4a8-32bab""","Wed, 12 Nov 2025 18:40:40 GMT"
733e6599471ece3b2850718c48acc15c226684d9dbb46e9b93dd3b7135311199,highlands,Borough of Highlands,bid,,2026 Animal Control RFP Specs,https://highlandsnj.gov/wp-content/uploads/2025/11/2026-Animal-Control-RFP-Specs.pdf,188273,application/pdf,2026-09-23 14:51:00.541898,https://highlandsnj.gov/bids-and-rfps/,2026-09-23 14:51:00.541898,200,"""6914d4ad-2df71""","Wed, 12 Nov 2025 18:40:45 GMT"
a79eaf8e8322dcdbc631454c1f37d58a7d4088d1d147b765b36c0f3b998e861b,highlands,Borough of Highlands,bid,,2026 Attorneys RFP Specs,https://highlandsnj.gov/wp-content/uploads/2025/11/2026-Attorneys-RFP-Specs.pdf,224608,application/pdf,2026-09-23 14:51:08.396474,https://highlandsnj.gov/bids-and-rfps/,2026-09-23 14:51:08.396474,200,"""6914d4a8-36d60""","Wed, 12 Nov 2025 18:40:40 GMT"
1bcce6cf0fbe30a737e5d42aaed3c7c635894afe9878b3f175406d783ab7d2e1,highlands,Borough of Highlands,audit,,2026 Auditor RFP Specs,https://highlandsnj.gov/wp-content/uploads/2025/11/2026-Auditor-RFP-Specs.pdf,159122,application/pdf,2026-09-23 14:51:07.284481,https://highlandsnj.gov/bids-and-rfps/,2026-09-23 14:51:07.284481,200,"""6914d4a9-26d92""","Wed, 12 Nov 2025 18:40:41 GMT"
8764ddd4cba3e69061ed1f92387e37bdb25118af9ca28644297ae3749fc8b5ef,highlands,Borough of Highlands,bid,,2026 Auto & Truck Repair RFP,https://highlandsnj.gov/wp-content/uploads/2026/05/Supporting-Doc-R-26-1XX-Car-Repair-RFP-2026.pdf,60126,application/pdf,2026-09-23 14:50:58.316835,https://highlandsnj.gov/bids-and-rfps/,2026-09-23 14:50:58.316835,200,"""69f8cee3-eade""","Mon, 04 May 2026 16:52:51 GMT"
c8d2fc2134a0cec04739886c45d7fe1de5b8c2b666063c4d627568814eb80006,highlands,Borough of Highlands,bid,,2026 Auto & Truck Repair RFP 2,https://highlandsnj.gov/wp-content/uploads/2026/06/Car-Truck-Repair-RFP-2026-2.pdf,62584,application/pdf,2026-09-23 14:50:56.091163,https://highlandsnj.gov/bids-and-rfps/,2026-09-23 14:50:56.091163,200,"""6a2072e4-f478""","Wed, 03 Jun 2026 18:31:00 GMT"
c24c77112dc5be77743a12a1f87b702582329f2fd565e131aba8ac2636a7ef15,highlands,Borough of Highlands,bid,,2026 CRS RFP Specs,https://highlandsnj.gov/wp-content/uploads/2025/11/2026-CRS-RFP-Specs.pdf,109251,application/pdf,2026-09-23 14:50:59.424459,https://highlandsnj.gov/bids-and-rfps/,2026-09-23 14:50:59.424459,200,"""6914d4af-1aac3""","Wed, 12 Nov 2025 18:40:47 GMT"
b4067a212298e803469a0b0b65ed205c590ddff7dd7bb323e68d58ca5127ca55,highlands,Borough of Highlands,bid,,2026 Engineer RFP Specs,https://highlandsnj.gov/wp-content/uploads/2025/11/2026-Engineer-RFP-Specs.pdf,196604,application/pdf,2026-09-23 14:51:06.166711,https://highlandsnj.gov/bids-and-rfps/,2026-09-23 14:51:06.166711,200,"""6914d4aa-2fffc""","Wed, 12 Nov 2025 18:40:42 GMT"
6e6df67235294c1ee7ff2762296074fd30394ddf26fb9e38673ad125f088a413,highlands,Borough of Highlands,bid,,2026 IT Services RFP Specs,https://highlandsnj.gov/wp-content/uploads/2025/11/2026-IT-Services-RFP-Specs.pdf,177873,application/pdf,2026-09-23 14:51:05.045622,https://highlandsnj.gov/bids-and-rfps/,2026-09-23 14:51:05.045622,200,"""6914d4aa-2b6d1""","Wed, 12 Nov 2025 18:40:42 GMT"
ba9e74f1ad1ec2c7318ef60b9836a167b91cee22fc596acc46f42cd2d9eeda93,highlands,Borough of Highlands,bid,,2026 Planner RFP Specs,https://highlandsnj.gov/wp-content/uploads/2025/11/2026-Planner-RFP-Specs.pdf,187759,application/pdf,2026-09-23 14:51:03.919672,https://highlandsnj.gov/bids-and-rfps/,2026-09-23 14:51:03.919672,200,"""6914d4ab-2dd6f""","Wed, 12 Nov 2025 18:40:43 GMT"
e46b6cad9b78422dde488299bace435edfd7b3a1d6c8b9538611c3966d6e7a6e,highlands,Borough of Highlands,bid,,2026 Prosecutor and Defender RFP Specs,https://highlandsnj.gov/wp-content/uploads/2025/11/2026-Prosecutor-and-Defender-RFP-Specs.pdf,193533,application/pdf,2026-09-23 14:51:02.781278,https://highlandsnj.gov/bids-and-rfps/,2026-09-23 14:51:02.781278,200,"""6914d4ac-2f3fd""","Wed, 12 Nov 2025 18:40:44 GMT"
db0e113caf9656259f56ba89505537c68714e70a1710cc93109198ccec8a7e99,highlands,Borough of Highlands,bid,,2026 Risk Manager RFP Specs,https://highlandsnj.gov/wp-content/uploads/2025/11/2026-Risk-Manager-RFP-Specs.pdf,198877,application/pdf,2026-09-23 14:51:01.669733,https://highlandsnj.gov/bids-and-rfps/,2026-09-23 14:51:01.669733,200,"""6914d4ac-308dd""","Wed, 12 Nov 2025 18:40:44 GMT"
ad6ab4a93afc0160f4a0c932b338112860256195db479768b0ca8ab8d0c28168,highlands,Borough of Highlands,other,,Pay to Play Disclosure Form,https://highlandsnj.gov/wp-content/uploads/2024/11/Pay-to-Play-Disclosure.pdf,118849,application/pdf,2026-09-23 14:50:53.789552,https://highlandsnj.gov/bids-and-rfps/,2026-09-23 14:50:53.789552,200,"""67409cd5-1d041""","Fri, 22 Nov 2024 15:01:41 GMT"
84c9a1bf01fb1418c634d9cf172645628f9469271660c9b0bd7cb02f274f5b34,highlands,Borough of Highlands,bid,,Required Boilerplate Forms,https://highlandsnj.gov/wp-content/uploads/2025/11/Bid-Documents-Fillable.pdf,1449812,application/pdf,2026-09-23 14:50:54.926192,https://highlandsnj.gov/bids-and-rfps/,2026-09-23 14:50:54.926192,200,"""6914d4ad-161f54""","Wed, 12 Nov 2025 18:40:45 GMT"
d2b51a8d2b7b4462e85b955175110699db100816fa047a6d5751dc730f7f06bc,highlands,Borough of Highlands,bid,,Safe Streets four All RFP 20260508,https://highlandsnj.gov/wp-content/uploads/2026/05/Safe-Streets-four-All-RFP-20260508.pdf,275377,application/pdf,2026-09-23 14:50:57.193264,https://highlandsnj.gov/bids-and-rfps/,2026-09-23 14:50:57.193264,200,"""69fe1d6d-433b1""","Fri, 08 May 2026 17:29:17 GMT"
f6de5c6845ef7f334a5fec51ba877ae9e2bb041744f0ec5019fffab5d04a1207,sec_disclosures,Henry Hudson Regional School District,disclosure,,"School ethics disclosure 2024: Allison Jacobs, Board Member",https://homeroom4.doe.nj.gov/schoolethics/filing/78806/disclosure,1248609,application/pdf,2026-09-23 14:29:08.468352,https://homeroom4.doe.nj.gov/schoolethics/filings?districtCode=1456,2026-09-23 14:29:08.468352,200,,
5ae166e90c85523a44f3ebfde472c7a62ab641952e1cf0f8fe7c2518d4ef5e6d,sec_disclosures,Henry Hudson Regional School District,disclosure,,"School ethics disclosure 2024: Cory Wingerter, Board Member",https://homeroom4.doe.nj.gov/schoolethics/filing/78808/disclosure,600541,application/pdf,2026-09-23 14:30:12.307007,https://homeroom4.doe.nj.gov/schoolethics/filings?districtCode=1456,2026-09-23 14:30:12.307007,200,,
682b54400b44c70bca73fa4b595d83000f394e1b447c920d0c1f0f748a27d140,sec_disclosures,Henry Hudson Regional School District,disclosure,,"School ethics disclosure 2024: Diane Knox, Board Member",https://homeroom4.doe.nj.gov/schoolethics/filing/78803/disclosure,755067,application/pdf,2026-09-23 14:29:18.01227,https://homeroom4.doe.nj.gov/schoolethics/filings?districtCode=1456,2026-09-23 14:29:18.01227,200,,
30f62d4f6a0cca0c634f5e3f361e2dd724605a6b08dba107a4fb96ce46586693,sec_disclosures,Henry Hudson Regional School District,disclosure,,"School ethics disclosure 2024: Donald Krueger, Board Member",https://homeroom4.doe.nj.gov/schoolethics/filing/78810/disclosure,757240,application/pdf,2026-09-23 14:29:23.147533,https://homeroom4.doe.nj.gov/schoolethics/filings?districtCode=1456,2026-09-23 14:29:23.147533,200,,
77eba1666a9b265166d918cb8fb1e63439d6a92d9ccfba460957f1f6ceffa524,sec_disclosures,Henry Hudson Regional School District,disclosure,,"School ethics disclosure 2024: Irene Campbell, Board Member",https://homeroom4.doe.nj.gov/schoolethics/filing/78804/disclosure,1592600,application/pdf,2026-09-23 14:28:47.994369,https://homeroom4.doe.nj.gov/schoolethics/filings?districtCode=1456,2026-09-23 14:28:47.994369,200,,
9672bfa2a2825af1a98a3f4030000e783b66899e74f1110a1fe50a41c7b40f90,sec_disclosures,Henry Hudson Regional School District,disclosure,,"School ethics disclosure 2024: Janet Sherlock, Board Secretary",https://homeroom4.doe.nj.gov/schoolethics/filing/78812/disclosure,757790,application/pdf,2026-09-23 14:29:49.310904,https://homeroom4.doe.nj.gov/schoolethics/filings?districtCode=1456,2026-09-23 14:29:49.310904,200,,
d661815d87eeb47a67d954dcfdb68a6bef900823ba45a64d9b21b91817b00107,sec_disclosures,Henry Hudson Regional School District,disclosure,,"School ethics disclosure 2024: Karin Masina, Board Member",https://homeroom4.doe.nj.gov/schoolethics/filing/78807/disclosure,884244,application/pdf,2026-09-23 14:29:30.541084,https://homeroom4.doe.nj.gov/schoolethics/filings?districtCode=1456,2026-09-23 14:29:30.541084,200,,
6a3806150efa9995dbc518132443b307cd562440834efb0adc40bed26cdb4272,sec_disclosures,Henry Hudson Regional School District,disclosure,,"School ethics disclosure 2024: Rebecca Wells, Board Member",https://homeroom4.doe.nj.gov/schoolethics/filing/78805/disclosure,615508,application/pdf,2026-09-23 14:30:09.196756,https://homeroom4.doe.nj.gov/schoolethics/filings?districtCode=1456,2026-09-23 14:30:09.196756,200,,
a54ca6eda2c2809c8da594aafbb70b4843e0591a05deb9276e36e9d2e6ba8548,sec_disclosures,Henry Hudson Regional School District,disclosure,,"School ethics disclosure 2024: Richard Doust, Board Member",https://homeroom4.doe.nj.gov/schoolethics/filing/78811/disclosure,613676,application/pdf,2026-09-23 14:28:56.758718,https://homeroom4.doe.nj.gov/schoolethics/filings?districtCode=1456,2026-09-23 14:28:56.758718,200,,
d9451281ac25e631c3da4b5042f79b0e3f0d4c6c735e75f96fedd016b44fbfd5,sec_disclosures,Henry Hudson Regional School District,disclosure,,"School ethics disclosure 2024: Tara Beams, Administrator",https://homeroom4.doe.nj.gov/schoolethics/filing/78886/disclosure,783731,application/pdf,2026-09-23 14:28:41.170839,https://homeroom4.doe.nj.gov/schoolethics/filings?districtCode=1456,2026-09-23 14:28:41.170839,200,,
ad8974af505a02de6a911415f3a6cfb8db6c0413c25387099b9128b4f143a881,sec_disclosures,Henry Hudson Regional School District,disclosure,,"School ethics disclosure 2024: Ulrike Stock, Board Member",https://homeroom4.doe.nj.gov/schoolethics/filing/78809/disclosure,761983,application/pdf,2026-09-23 14:29:51.008076,https://homeroom4.doe.nj.gov/schoolethics/filings?districtCode=1456,2026-09-23 14:29:51.008076,200,,
f5f30655a967c81a700027b290457e7ecb49babcf943e5c2d7482d010230def1,sec_disclosures,Henry Hudson Regional School District,disclosure,,"School ethics disclosure 2025: Allison Burel, Board Member",https://homeroom4.doe.nj.gov/schoolethics/filing/82466/disclosure,767056,application/pdf,2026-09-23 14:28:45.358864,https://homeroom4.doe.nj.gov/schoolethics/filings?districtCode=1456,2026-09-23 14:28:45.358864,200,,
407b4d629bdad4301ea73fe883730224aee573f9c5954128a0bb289d8a6fdaa5,sec_disclosures,Henry Hudson Regional School District,disclosure,,"School ethics disclosure 2025: Anthony Neggers, Administrator",https://homeroom4.doe.nj.gov/schoolethics/filing/83055/disclosure,614235,application/pdf,2026-09-23 14:29:39.65296,https://homeroom4.doe.nj.gov/schoolethics/filings?districtCode=1456,2026-09-23 14:29:39.65296,200,,
fea4733b5568373258b0ab1ecc4ca23e3724a1aec4f11247396b813f83076ef8,sec_disclosures,Henry Hudson Regional School District,disclosure,,"School ethics disclosure 2025: Claire Kozic, Board Member",https://homeroom4.doe.nj.gov/schoolethics/filing/82462/disclosure,767434,application/pdf,2026-09-23 14:29:21.404618,https://homeroom4.doe.nj.gov/schoolethics/filings?districtCode=1456,2026-09-23 14:29:21.404618,200,,
42daa59a33d9ee4644aba0ba3d9a3122ea2628d0ee49c5d0bae39c4c948a9bea,sec_disclosures,Henry Hudson Regional School District,disclosure,,"School ethics disclosure 2025: Cory Wingerter, Board Member",https://homeroom4.doe.nj.gov/schoolethics/filing/82450/disclosure,498114,application/pdf,2026-09-23 14:30:10.752571,https://homeroom4.doe.nj.gov/schoolethics/filings?districtCode=1456,2026-09-23 14:30:10.752571,200,,
96b16da73c1a6fbe46aa8b7647edaeefa05655729844691345c5b62ac63b516c,sec_disclosures,Henry Hudson Regional School District,disclosure,,"School ethics disclosure 2025: Denise Lombardi, Administrator",https://homeroom4.doe.nj.gov/schoolethics/filing/83051/disclosure,1317634,application/pdf,2026-09-23 14:29:26.738025,https://homeroom4.doe.nj.gov/schoolethics/filings?districtCode=1456,2026-09-23 14:29:26.738025,200,,
95f053e6666a3dc4185dcff3a5f274f037f4b256519b8ac380c4152ba768d5c8,sec_disclosures,Henry Hudson Regional School District,disclosure,,"School ethics disclosure 2025: Diane Knox, Board Member",https://homeroom4.doe.nj.gov/schoolethics/filing/82452/disclosure,795782,application/pdf,2026-09-23 14:29:16.041664,https://homeroom4.doe.nj.gov/schoolethics/filings?districtCode=1456,2026-09-23 14:29:16.041664,200,,
abbcd131da3072ea395c17c7db8288a1a20493fbab5f08aa6f6e7d560be29eb7,sec_disclosures,Henry Hudson Regional School District,disclosure,,"School ethics disclosure 2025: Eric Pritchard, Administrator",https://homeroom4.doe.nj.gov/schoolethics/filing/82470/disclosure,472042,application/pdf,2026-09-23 14:29:43.482235,https://homeroom4.doe.nj.gov/schoolethics/filings?districtCode=1456,2026-09-23 14:29:43.482235,200,,
b5598394b71a823a301c01dd6c290a61a7adc4732ba9373a8d62663a46db0de0,sec_disclosures,Henry Hudson Regional School District,disclosure,,"School ethics disclosure 2025: Janet Sherlock, Board Secretary",https://homeroom4.doe.nj.gov/schoolethics/filing/82451/disclosure,620744,application/pdf,2026-09-23 14:29:47.63965,https://homeroom4.doe.nj.gov/schoolethics/filings?districtCode=1456,2026-09-23 14:29:47.63965,200,,
c5f75c077098162ca8b7a6125e73e7b2ca08bc815a2c85287c39bb86f8115b48,sec_disclosures,Henry Hudson Regional School District,disclosure,,"School ethics disclosure 2025: Justin Thomas, Board Member",https://homeroom4.doe.nj.gov/schoolethics/filing/82449/disclosure,455702,application/pdf,2026-09-23 14:29:59.447096,https://homeroom4.doe.nj.gov/schoolethics/filings?districtCode=1456,2026-09-23 14:29:59.447096,200,,
2084afb06339605884e14ea0ab96bd91791b582cc7e2580927689def81add858,sec_disclosures,Henry Hudson Regional School District,disclosure,,"School ethics disclosure 2025: Kevin McCarthy, Administrator",https://homeroom4.doe.nj.gov/schoolethics/filing/82467/disclosure,621113,application/pdf,2026-09-23 14:29:33.926288,https://homeroom4.doe.nj.gov/schoolethics/filings?districtCode=1456,2026-09-23 14:29:33.926288,200,,
2fd963b72bc2c9021340a0c1443696b67852699539c3329d9aae3585f3c24a02,sec_disclosures,Henry Hudson Regional School District,disclosure,,"School ethics disclosure 2025: Matthew Gens, Administrator",https://homeroom4.doe.nj.gov/schoolethics/filing/83053/disclosure,767181,application/pdf,2026-09-23 14:29:06.352517,https://homeroom4.doe.nj.gov/schoolethics/filings?districtCode=1456,2026-09-23 14:29:06.352517,200,,
58691843eccda60034b00c9271ed384505bc8e3270376871f6e3f35c846a6f78,sec_disclosures,Henry Hudson Regional School District,disclosure,,"School ethics disclosure 2025: Michael Ferrarese, Administrator",https://homeroom4.doe.nj.gov/schoolethics/filing/82469/disclosure,764479,application/pdf,2026-09-23 14:29:00.352404,https://homeroom4.doe.nj.gov/schoolethics/filings?districtCode=1456,2026-09-23 14:29:00.352404,200,,
102902e43ef3e993587d8cdd44bfa377fa4e59b68ea57e6314b556360158ddc8,sec_disclosures,Henry Hudson Regional School District,disclosure,,"School ethics disclosure 2025: Rebecca Wells, Board Member",https://homeroom4.doe.nj.gov/schoolethics/filing/82453/disclosure,799118,application/pdf,2026-09-23 14:30:07.449776,https://homeroom4.doe.nj.gov/schoolethics/filings?districtCode=1456,2026-09-23 14:30:07.449776,200,,
abb07356dc1d8d53799d3766095f5b5e7cc7f5d6465c732eb8356d1b64d6a354,sec_disclosures,Henry Hudson Regional School District,disclosure,,"School ethics disclosure 2025: Regina Melnyk, Board Member",https://homeroom4.doe.nj.gov/schoolethics/filing/82465/disclosure,1461074,application/pdf,2026-09-23 14:29:35.629635,https://homeroom4.doe.nj.gov/schoolethics/filings?districtCode=1456,2026-09-23 14:29:35.629635,200,,
5ea71a5fa46bc1a68367bce4b3aa910afc710bc50453746c01c4648bc661ce56,sec_disclosures,Henry Hudson Regional School District,disclosure,,"School ethics disclosure 2025: Richard Colangelo, Board Member",https://homeroom4.doe.nj.gov/schoolethics/filing/82463/disclosure,4014083,application/pdf,2026-09-23 14:28:52.364634,https://homeroom4.doe.nj.gov/schoolethics/filings?districtCode=1456,2026-09-23 14:28:52.364634,200,,
bef28a9412069da7e18f2eb207601ee12498c019dc7f7b830de167ecda574e1a,sec_disclosures,Henry Hudson Regional School District,disclosure,,"School ethics disclosure 2025: Suzanne Thomas, Board Member",https://homeroom4.doe.nj.gov/schoolethics/filing/82464/disclosure,873581,application/pdf,2026-09-23 14:30:03.783882,https://homeroom4.doe.nj.gov/schoolethics/filings?districtCode=1456,2026-09-23 14:30:03.783882,200,,
4b61bfa71f5400da1ad7db1397d1a63b68d7bf2a53b3c2597eca34183222d600,sec_disclosures,Henry Hudson Regional School District,disclosure,,"School ethics disclosure 2025: Tara Beams, Administrator",https://homeroom4.doe.nj.gov/schoolethics/filing/82454/disclosure,767636,application/pdf,2026-09-23 14:28:39.374621,https://homeroom4.doe.nj.gov/schoolethics/filings?districtCode=1456,2026-09-23 14:28:39.374621,200,,
bc8e64aa80c7f09c3f6bbb4557889841506b2ce5a0019cb93b702ec3ba00c2e8,sec_disclosures,Henry Hudson Regional School District,disclosure,,"School ethics disclosure 2025: William Jacoutot, Administrator",https://homeroom4.doe.nj.gov/schoolethics/filing/82468/disclosure,766936,application/pdf,2026-09-23 14:29:12.592426,https://homeroom4.doe.nj.gov/schoolethics/filings?districtCode=1456,2026-09-23 14:29:12.592426,200,,
7009e3f3d63353264df4e377a5bfac28318cc27530adf3e0331fef0d532ea64b,sec_disclosures,Henry Hudson Regional School District,disclosure,,"School ethics disclosure 2026: Allison Burel, Board Member",https://homeroom4.doe.nj.gov/schoolethics/filing/108855/disclosure,299166,application/pdf,2026-09-23 14:28:43.899397,https://homeroom4.doe.nj.gov/schoolethics/filings?districtCode=1456,2026-09-23 14:28:43.899397,200,,
157822127b435e96c8f425de422f1ae5d8d2da5f2513c6a67cae5fd77b1b7257,sec_disclosures,Henry Hudson Regional School District,disclosure,,"School ethics disclosure 2026: Andrew Teeple, Administrator",https://homeroom4.doe.nj.gov/schoolethics/filing/119641/disclosure,734115,application/pdf,2026-09-23 14:29:54.682488,https://homeroom4.doe.nj.gov/schoolethics/filings?districtCode=1456,2026-09-23 14:29:54.682488,200,,
5cf7b0e0616865e8ca2332ac40dff4d3393b4bbf14d654362ca1e7ce209844bf,sec_disclosures,Henry Hudson Regional School District,disclosure,,"School ethics disclosure 2026: Anthony Neggers, Administrator",https://homeroom4.doe.nj.gov/schoolethics/filing/108861/disclosure,621103,application/pdf,2026-09-23 14:29:37.924117,https://homeroom4.doe.nj.gov/schoolethics/filings?districtCode=1456,2026-09-23 14:29:37.924117,200,,
3ea33efcda557081ca50e85d6880a3432b44b3274f0dff1e664f2d093f1d748e,sec_disclosures,Henry Hudson Regional School District,disclosure,,"School ethics disclosure 2026: Claire Kozic, Board Member",https://homeroom4.doe.nj.gov/schoolethics/filing/108864/disclosure,473525,application/pdf,2026-09-23 14:29:19.738375,https://homeroom4.doe.nj.gov/schoolethics/filings?districtCode=1456,2026-09-23 14:29:19.738375,200,,
b53fbd18fa2b976261c00c4f504a8d21c7c5772aca3431b06d5ddfa5b55bffa4,sec_disclosures,Henry Hudson Regional School District,disclosure,,"School ethics disclosure 2026: Dan Sutton, Board Member",https://homeroom4.doe.nj.gov/schoolethics/filing/118596/disclosure,473196,application/pdf,2026-09-23 14:29:52.867772,https://homeroom4.doe.nj.gov/schoolethics/filings?districtCode=1456,2026-09-23 14:29:52.867772,200,,
b49c15bdee24b81c6bc2f5d15e86429b4e4b5f997ed48a5724662f76ab1050fd,sec_disclosures,Henry Hudson Regional School District,disclosure,,"School ethics disclosure 2026: Denise Lombardi, Administrator",https://homeroom4.doe.nj.gov/schoolethics/filing/108863/disclosure,766754,application/pdf,2026-09-23 14:29:24.83544,https://homeroom4.doe.nj.gov/schoolethics/filings?districtCode=1456,2026-09-23 14:29:24.83544,200,,
b7285fab53a3970568260eddc319a023d05fa1cb99f2ccaade779cb5c4986204,sec_disclosures,Henry Hudson Regional School District,disclosure,,"School ethics disclosure 2026: Diane Knox, Board Member",https://homeroom4.doe.nj.gov/schoolethics/filing/108865/disclosure,686608,application/pdf,2026-09-23 14:29:14.332871,https://homeroom4.doe.nj.gov/schoolethics/filings?districtCode=1456,2026-09-23 14:29:14.332871,200,,
7afcf15e2a92312f8d2286203e33ebfe8af4c4407b42f12295c2b3a6aba2a7df,sec_disclosures,Henry Hudson Regional School District,disclosure,,"School ethics disclosure 2026: Eric Pritchard, Administrator",https://homeroom4.doe.nj.gov/schoolethics/filing/108860/disclosure,501154,application/pdf,2026-09-23 14:29:41.900635,https://homeroom4.doe.nj.gov/schoolethics/filings?districtCode=1456,2026-09-23 14:29:41.900635,200,,
af6d0b5f0a0535cc0c342b4f08570aa93882fbe49c5769d65aea16fbf1bd011b,sec_disclosures,Henry Hudson Regional School District,disclosure,,"School ethics disclosure 2026: Janet Sherlock, Board Secretary",https://homeroom4.doe.nj.gov/schoolethics/filing/108859/disclosure,769093,application/pdf,2026-09-23 14:29:45.094284,https://homeroom4.doe.nj.gov/schoolethics/filings?districtCode=1456,2026-09-23 14:29:45.094284,200,,
372b356407d59b4ee95b2dcc1afdd02ad24365b6f5fce5ee8be9045193b75175,sec_disclosures,Henry Hudson Regional School District,disclosure,,"School ethics disclosure 2026: Justin Thomas, Board Member",https://homeroom4.doe.nj.gov/schoolethics/filing/108858/disclosure,620641,application/pdf,2026-09-23 14:29:56.848074,https://homeroom4.doe.nj.gov/schoolethics/filings?districtCode=1456,2026-09-23 14:29:56.848074,200,,
f5c3761186533815668be6492585958958ca4863de2ce39e21926a1ccaa4d057,sec_disclosures,Henry Hudson Regional School District,disclosure,,"School ethics disclosure 2026: Kevin McCarthy, Administrator",https://homeroom4.doe.nj.gov/schoolethics/filing/108862/disclosure,472300,application/pdf,2026-09-23 14:29:32.332148,https://homeroom4.doe.nj.gov/schoolethics/filings?districtCode=1456,2026-09-23 14:29:32.332148,200,,
3ce4f200ed5586950ef784ccfaac127f6b19ea8a4f843065b7b1a50175ac93de,sec_disclosures,Henry Hudson Regional School District,disclosure,,"School ethics disclosure 2026: Melissa Garcia, Administrator",https://homeroom4.doe.nj.gov/schoolethics/filing/119642/disclosure,766762,application/pdf,2026-09-23 14:29:04.609324,https://homeroom4.doe.nj.gov/schoolethics/filings?districtCode=1456,2026-09-23 14:29:04.609324,200,,
a26ee14e9262b72aafcd76c865d9c0a85ac2d6801cf4907835ae849086650816,sec_disclosures,Henry Hudson Regional School District,disclosure,,"School ethics disclosure 2026: Michael Ferrarese, Administrator",https://homeroom4.doe.nj.gov/schoolethics/filing/108853/disclosure,765875,application/pdf,2026-09-23 14:28:58.360688,https://homeroom4.doe.nj.gov/schoolethics/filings?districtCode=1456,2026-09-23 14:28:58.360688,200,,
ab2272bb01bbca4b1c031c38c1be084fac387c3243129661032d842dee886c80,sec_disclosures,Henry Hudson Regional School District,disclosure,,"School ethics disclosure 2026: Rebecca Wells, Board Member",https://homeroom4.doe.nj.gov/schoolethics/filing/108850/disclosure,626021,application/pdf,2026-09-23 14:30:05.690446,https://homeroom4.doe.nj.gov/schoolethics/filings?districtCode=1456,2026-09-23 14:30:05.690446,200,,
7292b76ed927c5f82991847ecffc3b3a8d743538f9eaab82284e5eceffd18033,sec_disclosures,Henry Hudson Regional School District,disclosure,,"School ethics disclosure 2026: Richard Colangelo, Board Member",https://homeroom4.doe.nj.gov/schoolethics/filing/108854/disclosure,621116,application/pdf,2026-09-23 14:28:50.738663,https://homeroom4.doe.nj.gov/schoolethics/filings?districtCode=1456,2026-09-23 14:28:50.738663,200,,
42b28ec76002f61503a69c36986d0fbd5702d5c5fe60dbd21e42b9f2e096df46,sec_disclosures,Henry Hudson Regional School District,disclosure,,"School ethics disclosure 2026: Robert Fierro, Board Member",https://homeroom4.doe.nj.gov/schoolethics/filing/109241/disclosure,802099,application/pdf,2026-09-23 14:29:02.78999,https://homeroom4.doe.nj.gov/schoolethics/filings?districtCode=1456,2026-09-23 14:29:02.78999,200,,
993b3789182506c917558d0154cc09d5e6a5a5596cc2f17021c44f93b2e1cb7e,sec_disclosures,Henry Hudson Regional School District,disclosure,,"School ethics disclosure 2026: Suzanne Thomas, Board Member",https://homeroom4.doe.nj.gov/schoolethics/filing/108857/disclosure,800986,application/pdf,2026-09-23 14:30:01.265235,https://homeroom4.doe.nj.gov/schoolethics/filings?districtCode=1456,2026-09-23 14:30:01.265235,200,,
a6e3a55d909ea0ed864bc3813c670b61211a222e8f2bda348f075c34a813c9ea,sec_disclosures,Henry Hudson Regional School District,disclosure,,"School ethics disclosure 2026: Tara Beams, Administrator",https://homeroom4.doe.nj.gov/schoolethics/filing/108856/disclosure,499750,application/pdf,2026-09-23 14:28:37.297282,https://homeroom4.doe.nj.gov/schoolethics/filings?districtCode=1456,2026-09-23 14:28:37.297282,200,,
049eab8cb40cb9e4d008783c85d53336e67f80b8d300f12e1cc0506edf171b1e,sec_disclosures,Henry Hudson Regional School District,disclosure,,"School ethics disclosure 2026: Tom Lynch, Administrator",https://homeroom4.doe.nj.gov/schoolethics/filing/119640/disclosure,765959,application/pdf,2026-09-23 14:29:28.830808,https://homeroom4.doe.nj.gov/schoolethics/filings?districtCode=1456,2026-09-23 14:29:28.830808,200,,
8d2fe44f0dc7c8a721c05454c0d9cda436013a6777397ad7d776f79f593ab57e,sec_disclosures,Henry Hudson Regional School District,disclosure,,"School ethics disclosure 2026: William Jacoutot, Administrator",https://homeroom4.doe.nj.gov/schoolethics/filing/108851/disclosure,801371,application/pdf,2026-09-23 14:29:10.641031,https://homeroom4.doe.nj.gov/schoolethics/filings?districtCode=1456,2026-09-23 14:29:10.641031,200,,
